Artist;Collection Name;Collection Type;Contract Address
billelis;Relics of a mortal past by Billelis;standard;0x181aad5dbb58264412c784b9acf57e1253a3d113
Justin Roiland;The Best I Could Do Open Edition by Justin Roiland;open_edition;0x43b557b1f923f1cb4ecd05ff3beac7b933bedb46
Olive;HYPEBIRDS by Olive Allen;standard;0x646c9e646a50da94986baa4e76a3d55cb4c454d2
Cey Adams;Numbers;standard;0x69baad9c96cd98437d8b5b6a90c854a1ba2688de
Jose Delbo;Death … The Fallen by Jose Delbo;open_edition;0x8b673873573f7794204f9ecde9dc258ca985fd40
Yonat;Pompeii, a city frozen in time by Yonat Vaks;pack;0xb382f44fc434105a94ca566abdb5ab9fa5dac0ee
Josie;Josie Bellini - Fed Monkey Series;standard;0x083ff667415ed1be3bbdc847c829cbebe38c6140
Cryptoarg;CHAOS by Cryptoarg;pack;0xddc711f9e9152a1d8d4a38ee2903ac8ce912ca3f
toomuchlag;My Journey By toomuchlag;standard;0xc3d7104953a0e7ee262b9a0779b458f37afee3e1
Tom Yoo;"""I'm Back"" - Tom Yoo";standard;0x499659f8c52116e5662def16df7fe34c608d4584
Roger Kilimanjaro;Sound Block Chain Open Edition by Roger Kilimanjaro;open_edition;0x54afb05938b64032232470285bbd87f5be31b334
Kidmograph;Birth Of A New Day by Kidmograph x Dream Catalogue;standard;0x35053f4a8307b037cf32a595b65b8c71e1ee829c
Young & Sick;Nifty For NIVA Open Editions ft. Tove Lo, Dillon Francis, Pabllo Vittar, Tycho + Tommy Kimmelman by Young & Sick;open_edition;0x963612c6e56bc339ee96a36fab0294819dedfb34
Twisted Vacancy;Twisted Vacancy Edition;standard;0x67b50a45a9751b215c5cfce281600e01b02d1f57
Giant Swan;Giant Swan Polaroids;pack;0xda7e17690deb4f2bc18b6ca2b48ddcc0486ead01
Frenetik Void;The sentence of someone;standard;0x9b87d15470e3be38aa536212c52132e3c67cc2c8
A$AP ROCKY;ROCKY GATEWAY by A$AP Rocky;standard;0x6506a7b2392354a9e239485e8bdf050783f0bb86
Alotta Money;Select Works by Alotta Money;standard;0x9d27956b06d4b5332067c2d188c8aeb875dcbf4f
Futura 2000;Operation Bellevue by Futura 2000;standard;0x8ea743669eaa421764cc6fbd59f3425b6cba7c5d
Julio Bencid;Select works by Julio Bencid;standard;0xba7f452035e90ce71a8b42de71f38c9863f1d0da
Jordy Kerwick;The Three Month Dream;standard;0xf160a1164be69c6f0578b80706a683fcd19382af
Proximity;Version ONE.0 by Proximity x Mohammed Omran x Lacza x The Pyramid Watch;standard;0xc8fb2c39e5e35ba76094571d6c5e895a433082f3
Tom Yoo;The First Dance - Tom Yoo;standard;0x6b1a68af1cbeca7d4abf27f1c606459548ae239f
Jose Delbo;The Cowboys - Packs by Jose Delbo;pack;0xad8fd0e3c5189cb130ca9872854290af8d126ab9
MICAH DREW JOHNSON;Micah Johnson and Dansby Swanson;standard;0xd46cd035e8a68743aeb09572dc1446d46db6bcdd
Vincent Ubags;Vincent Ubags - Drop 2;standard;0x39839fd19f042ad797c965e0414046de6406deeb
FELIPE PANTONE;THE GRAFFITI COLLECTION Packs by Felipe Pantone;pack;0xc323431457f0b7c262a7ed9711de9aeaaa8d79c0
The Giving Block;Covid Heroes;standard;0x4629122c04eacc2ca48bda4a92aadcaee5d15389
Yonat;Yonat Vaks;standard;0x530d6839b0d138126da1e0d8a6038cd08f338d15
Blake Kathryn;Terra Futura by Blake Kathryn;standard;0x7f81ebdc93c7edcf1d0422239960c65e2d409c08
Kenny Scharf;Kenny Scharf;standard;0x28ac93a1274e11b00829e3f9c391336d4dc5adc8
Gavin Shapiro;It’s A Party And You’re Invited by Gavin Shapiro x Yung Bae;standard;0xc7d39fd21513ca63b479543d7f3e2557f4e2295f
MICAH DREW JOHNSON;Micah Johnson and Matt Szczur;standard;0x78c54a7523e7bdd63819a8affba7e8702cd48376
Twisted Vacancy;Twisted Vacancy Stickers;pack;0x337c0be4fb4238c9fc75a2e20ad4367a79318db9
Jon Burgerman;Jon Burgerman: Art Collection;pack;0xab590b4cefae97abda4a8844fe6934e6590edb5c
Jose Delbo;The Cowboys - Silent Auctions by Jose Delbo;standard;0x47b3f74448d55536daf36100b3e1c755f305bf9d
Twisted Vacancy;Twisted Vacancy Collectibles;pack;0x8f56406622d712778682181c66c2fe70123bcbba
Perry Cooper;Select Works by Perry Cooper;standard;0x35d2c040cd252a00dc2cdfb9fd3034bd99da2d45
Giant Swan;Giant Swan Auction;standard;0x061876b3d4b44f05e8288b0f5e0b83e4dafcb859
Steven Baltay;Steven Baltay;standard;0xe4f3c6bc5a60661b0cd1d544cbdf3b0f092de909
Prince Jacon Osinachi;Select works by Osinachi;standard;0x7d2661b855a4d2ca8cf1dcd63df8e58192e4ea22
Hackatao;Hackatao;standard;0x26e1311ca72e622eabee7c02f6c48564726eaf0d
goldweard;Crystal Pops Founders Edition;pack;0x4e45e92ed38f885d39a733c14f1817217a89d425
Pak;X by Pak;open_edition;0x99b546a19cc1ec8ec9a6ce781a237ddb642dda77
Lans King;Digital Capsules : The Hyperreality Show;standard;0x35db8ee89099ce0f60699672c19023819a744772
Perry Cooper;Perry Cooper;standard;0x591fb4438a0fb02c689105b1d29aa172be6db049
Jon Burgerman;Jon Burgerman's Set Completion;pack;0x475067c43a5b4c132bf5d4d47e465091bbeedb23
Olive;ReFurbished Gold Nugget by Olive Allen;standard;0xd2645fa6690860e418122244d3f79c311d84bdcb
Zigor Samaniego;Select Works by Zigor Samaniego;standard;0xc4e0bf581d0bd8efa48ea2ffa59057f5e2347a8c
Jon Burgerman;Jon Burgerman: The Return;pack;0x0038b9c31d6bc25d79cf2c24ecba3828b3bb3bb6
Twisted Vacancy;Major Arcana Tarot Deck (Part 1) by Twisted Vacancy;open_edition;0x385e81b4d6809bc9875252d3624295988717bdd5
Chris Trueman;Ghost Series;standard;0x99a845b952375f0df89ff50fee87620c05b13093
Trevor Jones Art;Picasso's Bull;standard;0x99a86b41272afb8b599bddcbda01ed6135620385
Darel Carey;Select Works by Darel Carey;standard;0xe9ff91e8a659e1dfd07b239d223da44bab399ef6
Steve Aoki;Dream Catcher Bonus by Steve Aoki x Antoni Tudisco;standard;0x46a7b5327c66dcb589155e8df25a5a35a702dc1c
Filip Hodas;Dead Memes by Filip Hodas;standard;0x6910ee0c6efd2f4cb7d06f85fc5782b1a1489725
SPACE YACHT;Space Yacht x Goldweard (Common);pack;0xd73aaa94523ae09547a5348486ba3209df666b68
Jon Noorlander;Exploding Heads;standard;0x9a3432547d3267896758e6668b3afeae1a86d571
Luigi Honorat;L'Envers Series by Luigi Honorat;standard;0xf7da9dfca9d567b45b664f142f5114cb3d3b8406
EKAITZA;Select Works by Ekaitza;standard;0xd4cc46b27eed4eddbad2da3671bb52506414707b
Lans King;Digital Shaman by Lans King;standard;0xf2a22a760026b1978118d7e256b4420cc531e87b
Jon Noorlander;Entangled by Jon Noorlander;standard;0xc5df17e0d110601f15b19f62d460af3e504bd6fc
NFN Kalyan;Jackson Pollock's Fucking Cigarette;standard;0xd75c0967a159611dd317b72df68f8edf291905de
WhIsBe;Vandal Gummy by WhIsBe;standard;0xfd6e99f2d5d092a95f6483b243203bee2dc0c265
Olive;HYPEBIRDS by Olive Allen;pack;0x951b0d7c1e4f10567d1ebcad1daa91d96ddaac4a
3LAU;The Array Collection by SSX3LAU;standard;0xc0cc366a05d24fc63c1147c009f827e94fb4878d
Lyle Owerko;The Boombox Project: Arcade Edition;pack;0x378839a7b6a46d972df8bc016ec984c5d9b841d8
NFN Kalyan;Creation (Accusation) by NFN Kalyan;standard;0x1ced6f767092c099fc1cae22a2629772b0ba936a
ODESZA;Remnants Collection //001 by ODESZA x JapaneseDad;standard;0xa45e284b9330442c134911abf8c0d291bb763047
Tommy Wilson;Champion Series Set Completion by Tommy Wilson;standard;0xbcbb5ff5f7468eae49eb56bce648a503cd00df8f
Carlos Marcial;Sacred Artificiality;standard;0xf0ad62463f026669f0e8ce2101e3289cfd40983c
EKAITZA;Curated Drop Redemption by Ekaitza;standard;0x2857e8eca70fce3a48ea55258a35b63a5e06e221
Darel Carey;Darel Carey 2.0;standard;0x132b467bfe4ea38a2aa2ef502d547272dd081772
3LAU;Gunky's Uprising by SSX3LAU;standard;0x4439f83ed9cfb43df886bdd23a39439141be0f77
Jon Burgerman;Jon Burgerman's Pack Collection;pack;0x753c3a8567311c8673182847f5e390d960a1e4d0
Jakub Spacek;Select Works by Jakub Spacek;standard;0xef60d1a85b9c23aba2e79079f500561b440c97cf
Gavin Shapiro;Shapiro500 - Blackout Edition;standard;0x013d3968cba2052aa1e63f149aa4cba3ea3d45c3
Tommy Wilson;Own the Moment;pack;0xebb1da4a068fcb9e8b83928a8c3e83ef564f9989
Josie;Forward Together by Josie Bellini;standard;0x3d9b128ce781a4a9c1057f785d97131a6357ca38
goldweard;Skeletoons By Goldweard;standard;0x1e9cf8e4b6a5b8cfe08c7a588e27fff262d1e7a4
PR1MAL CYPHER;PR1MAL CYPHER Auction;standard;0x89a211331fee354594a6f674317f1560344e283f
XCOPY;Select Works by XCOPY;standard;0xd652d2633cdbfd5f27f50cddb098e708fa8433f3
PR1MAL CYPHER;Triptych of the Architects by PR1MAL CYPHER;pack;0x72ada42494f4080a02847f6630f1d90af4498124
Pi-Slices;Infinite Places by Pi-Slices;standard;0x99b8846bb7540f377e18994a6c34bd4e0e6d79da
rek0de;Select Works by rek0de;standard;0x98c65b9261896a2460eaad01f7ba01d9275dc4af
Klarens Malluta;Icons by Klarens Malluta;standard;0xf6443afda5f035db5cf7f53fb34bec5d917ed3a1
Oliver Latta;Eyes Series by Extraweg;standard;0x7137c6ded150b38c697955bc26ba6e0a76cb7737
Coldie;Warren Buffett – Decentral Eyes by Coldie;standard;0xa81e0193f30bbd6e83366a88b4570e8766ca2131
Pak;Narcissus by Pak;standard;0x7885584a108e7996f415585a094e6914b169d87c
Josie;Hal Finney Auction;already_existing_contract;0xecf7ef42b57ee37a959bf507183c5dd6bf182081
Beeple;Beeple Redux Open Edition;open_edition;0xd92e44ac213b9ebda0178e1523cc0ce177b7fa96
NFN Kalyan;Camera Roll by NFN Kalyan;standard;0xc2242778b49c520a20ec7edd1d57e6a64a3a3495
Pak;Narcissus Prizes by Pak;open_edition;0x87ea935aebe4b27f34db79dbd184b7619a8e9c5f
BD White;Select Works by BD White;standard;0xd9627ccdf17b09bc723dea7a8d2884f4a6a0c838
Christopher Florentino;Nothing Hurts Anymore by Flore;standard;0xe93a67d8d0bc448a8ca7faa1653e509102dda9cd
Alessio De Vecchi;Select Works by Alessio De Vecchi;standard;0x7df443e05096623cc6509d1494fb9db7fbf0a5b3
Filip Hodas;Dead Memes Open Edition by Filip Hodas;open_edition;0xa547a315f10b2ea2636c6068a0cfbe31ab23ec58
Hackatao;It's SCAM;standard;0x1fc4336d4b3aa163ca855d45555207fddb70f719
SPACE YACHT;Space Yacht x Goldweard (Rare);pack;0xdd8a96c20acd430522564c81f7ae5bb234ac28d0
Pi-Slices;Select Works by Pi-Slices;standard;0xf6872c479ad348e449aa4346e8e0d6c678acc1c7
goldweard;Crystal Pops Asia Edition;pack;0xb91c1aa27a2eb25228b5d1019ec6b24fe73c5535
Tom Yoo;Three-peat by Tom Yoo;standard;0xf924fed62a15c879213e677dada6cf7db5174620
Beeple;Beeple Redux Edition;standard;0xc170384371494b2a8f6ba20f4d085c4dde763d96
Steven Baltay;Select Works by Steven Baltay;standard;0x581df00bceb092482c388ed474152eff0d36bb79
Yonat;#cryptotales auction by Yonat Vaks;standard;0x9c0401305bf758a384db92b84e6b27493ffb870a
Vincent Ubags;Select Works by Vincent Ubags;standard;0x116fac0e751316e5c3726af3457773666434c815
Alex Manrique;Simulation Therapy;standard;0xb44b7a31a3fdd087347f72823d97f3e2ac0b559c
Lucho Poletti;Select Works by Lucho Poletti;standard;0x9925b7d92dfe10a4dcef2c873a56c7c3c7c8b656
aeforia;UNDERNEATH by Aeforia;open_edition;0xcf0a564eee76035c3e4625ac75429db51e18d5f2
Ramón Ramos;Unoki by Ramón Ramos;standard;0x7ca7a808ae9f8c808ed5c30ea47e99862ac57a16
Lucas Zanotto;Nicely Moving Thing by Lucas Zanotto;standard;0x8f9043bac98bed14a4ada269d3601fdf4914e97b
Carlos Marcial;The 21 Million Project by Carlos Marcial;standard;0xc6309e8b5737362560538c98ebe73c81c91d56d1
Carlos Luna James;Adventures Through The Multiverse by Carlos Luna James;standard;0x5eea8902ba05a5ed0ea7e36c7bbf2201a82107e2
goldweard;Zen by Goldweard;standard;0x23bfcd22c5e9de83044dcc1bd9542b5712fac84e
Ron English;Ron English Essential NFT Collection Open Editions;open_edition;0xe2b5efc2148de54fdf21535c6ea8994e82c8a587
Jonathan Antonio Stamp;Pray to this blackman that is an altar Open Edition by Jonathan Antonio;open_edition;0x61ee4516fbf4b5dc2f3feb7032e52857e5bd2a0e
Olive;A Piece of Something Prints by Olive Allen;standard;0x2b04fa716b61135a86edeb82a3262b0a003024f6
Arben;V;standard;0xeb30e885ad86882e6d7d357977fd6398526b08f6
Loulou João;Impossible Library by Loulou João;standard;0x707ac7bf50539a7b3c2adbb6f53f4763a3f7b617
Oliver Latta;IF YOU HIGH! by Extraweg;standard;0x16a6f9365fe0d62a014b814deeb414982f346bdf
Gavin Shapiro;Real Collectibles for an Imagined Reality by Gavin Shapiro;standard;0xe3c0505a6a226e960c9d52c1e1f1b5172173da11
Adam Priester;Gifts by Adam Priester;standard;0x02413c345233f06963cf86c642f5f41f3a189c16
Niko Christian;Hope for the Apocalypse by Niko Christian;standard;0xedf550b50218d3c87d99b6fd05722c16e65140c7
Bryan Brinkman;Cloudy by Bryan Brinkman;standard;0xf186807982b56c2463da2a76bd8b1b69b979f9eb
JENISU;Postage Stamp Series by JENISU;standard;0xc54d12e665d7b94cd944d1958cef923ec3bfc7d7
Giant Swan;When I wonder, I wander by Giant Swan;standard;0xa17da9b6ce8f4e1bc8e26eb7d87976bedbc0c939
Tommy Wilson;Champions Series by Tommy Wilson;pack;0x4f8d6d539ce6691c61d891d0f35d507a7f5f052a
mbsjq;Astro & The Universe | Futurstic Art by Studio JQ;standard;0xc2a7d3b40e26d309328e227e62fd4a43de44091f
Jakub Spacek;Relief of Neuroaesthetics by Jakub Špaček;standard;0x93eaa057873ffa2a7494391008f17f456556945d
Simone Vezzani;Dark Classic by Simone Vezzani;standard;0x254af2f37e6f6f63339483746b85d232e5296b9f
Zigor Samaniego;IKIGAI Open Edition by Zigor Samaniego;open_edition;0x87a5f05ce4e0762047adee8be418e8582526dcec
Upendo Taylor;Select Works by Upendo Taylor;standard;0xa6b6110a896594314ca1de978ee2f2253c84bb93
trippyogi;Stimulation Open Edition by Trippyogi;open_edition;0x94adecd6589da28babdf47436660204ceca16a51
Foreign Family;Foreign Family Collective - Liminal Spaces;standard;0xd661a5fa779e136fc06511a78f03fc760894f759
Alex Manrique;Zeitgeist by Alex Manrique;standard;0x648e89955fbe0d9e3f46c598458c87a4c355c23c
Prince Jacon Osinachi;Osinachi - Drop 2;standard;0x15f977385ebbe9267e62202409f5f876f097d414
zomboy;Headshots Open Edition by Zomboy;open_edition;0x049e27da519c529603dd432e8cfb5c45b1cce415
Esteban Diacono;Lifeforms by Esteban Diácono;standard;0xe0edeeb50b8b31208c4aa10558d10c34060d5719
MRE;MANIBUS By MREGFX;standard;0x6bf9352bc46c4e9bd3ec009f1bc0ecdea6a0f54b
Metageist;Metaphyla: Series 1 by Metageist;pack;0xecf1607512ad6c3723991ddcaa1b17d821554a05
Jose Delbo;Heroes of Cinema by Jose Delbo;standard;0x1a55378fc44cf67cb698969582f8c54aa65be41e
billelis;The 6 Brides of Lucifer by Billelis;standard;0x344a6a1a1d7066bf068efec73d724d06089c2063
Beeple;THE FIRST DROP;standard;0x12f28e2106ce8fd8464885b80ea865e98b465149
Sarah Ann Banks;Reverse Wormhole by Sarah Ann Banks;standard;0x912eecc71be9e8cf43a13176e59b0bd338c223b9
billelis;Relics of a mortal past Open Edition by Billelis;open_edition;0xdd6afc6c866740180f0ef5a6ba6e4e6e8e214cdb
PR1MAL CYPHER;THE CYB3RGRACES (2084 Intermezzo) by PR1MAL CYPHER;pack;0x35a397b958691f6f27d2f7eb0138a3fd4556393a
christopher chan;Champion Edition by Honorroller;standard;0x0989e8882478793ba46bffccb1a5ea7992534bf5
Mankind;Still Movements by Mankind;standard;0x50634153f5745949c579456445343dbb82c6c032
Refik Anadol;Machine Hallucinations: Renaissance / Sculpture by Refik Anadol;standard;0x8c3681c825de337810c879c326bdb118b5b5c609
Slime Sunday;Open Edition by Slimesunday;open_edition;0xb9abb6e7fdc06fe25ac96d3da1c3ef4651ec660a
rac;SYM by ARC x RAC;standard;0xfdd633b978f181d5a78ab10bc8e03466bcdf264a
Jon Noorlander;FIAT vs Bitcoin by Jon Noorlander;standard;0xba36d019b46de198cc07ba10cb9ff6f4ca85b5e3
FEWOCiOUS;NYC Skyline by FEWOCiOUS;standard;0xeaba5e00a03a603c63c4c72590219950021b21c0
Luigi Honorat;L'Envers Series II;standard;0x953a5ea2562962ca26a250eae8774316bec9e261
Omar El Sayed;Nodes by Van;standard;0xf36b576fba1fdc3a54196694fa26df07cee99767
Slime Sunday;Slime Friday 69 by Slimesunday;standard;0xcaafe532e5f9fefd95b956d4e9f4327c60a17b1d
Jason Ebeyer;Gloss by Jason Ebeyer;standard;0x5ce1972f9357e172097937773821c826f7c1876a
Dave Whyte;Hexagons by Bees and Bombs;standard;0x0ffeb4f2a8f9f651d5c4720d809cd0ad3f5070ba
trippyogi;Hybrid Sensations by Trippyogi;standard;0xe295dd1d481ef593715236cc62bc8688a2136cbe
manards;Blooming Iteration by Manards;standard;0x82ab5d6d491f6836486bb1d7d43738b4e9f688f0
Hipworth;Carl Cox Live by Hipworth x Carl Cox;standard;0xb5c9fa339965f9f102604873f98a5b6f47e6503b
Nate Hill;Twisted Landscapes by Nate Hill;standard;0x9891c4b7cfd414922d9b183efd707ade0ae85e47
Kidmograph;WITNESS by Kidmograph;standard;0x51518f8546edad26169eb8137e6d2488977fcf25
Beeple;THE 2020 COLLECTION;standard;0x6e5dc5405baefb8c0166bcc78d2692777f2cbffb
Slime Sunday;Mona Corona by Slimesunday;standard;0x1a7e01dc9811c96d9d30a9ee67ddf5f7b74df343
aeforia;Facade by Aeforia;standard;0x707856246a1ce3850c8cf9fa0eaf2d8fa64592e3
francescomai;Digital Transhumanism by Francesco Mai;standard;0xba38a0cf1f336bcbb1809adec45179cfae2ebd05
Alotta Money;Drop 2: Alotta Money;standard;0x236e0fe588485d792f93820cf93c81f5b60622c0
Fvckrender;SELF GROWTH// by Fvckrender;standard;0x1766ed38c58324744ea74c6161b8259e9aa995a9
Adam Rosol;TEARSDONTFALL by Adam Rosol;standard;0x1ae62a38bff72a2968b92389621959f4e3c0e456
Lucho Poletti;Novus Moneta Seclorum by Lucho Poletti;standard;0x152242cd9dba772c4e541b51c556772caf47e985
YIYING LU;Happy Creative Land Series 001: Boba Panda Bonanza by Yiying Lu;pack;0xf71254147ab04be7bc7efd109641f0792de23af1
Marc Ferrer Vives;Prejudice by Marc Ferrer Vives;standard;0x3b73c96f3881f840157696ba3434ffa44fbbdea9
Marc Ferrer Vives;OM NOM NOM by Marc Ferrer Vives;open_edition;0x671dc53795fa089120e5e096d4e9dd68cf63c68e
Gavin Shapiro;It’s A Party And You’re Invited Open Editions by Gavin Shapiro x Yung Bae;open_edition;0x4eb0e3a2b5e9c63f62eb4048d47640a3f48c8f5a
Arben;The Jam;open_edition;0x579374384a2a0411bac9c13bbe0ccdfde3002018
Joanie Lemercier;Platonic solids: the elements by Joanie Lemercier;standard;0x3e4c19ea950f054618dc658e374a694a10548d11
Fvckrender;REPRESSED// by Fvckrender;open_edition;0x91d12acb6d2548f7a87874b400dfa8739f31226d
Lyle Owerko;The Action Series by Lyle Owerko;standard;0xbdd3f8ea1befa8e5adece114bd7f86614f42d777
DotPigeon;I've just robbed the crypto bank by DotPigeon;standard;0x0c0eb6d8f72208c10996780772e8fef1f9db47b8
PR1MAL CYPHER;ART of RESISTANCE Packs by PR1MAL CYPHER;pack;0xb3ebb6a057e81708cc884a5dcff0c4a9f91075de
Zigor Samaniego;Coco and IKIGAI by Zigor Samaniego;standard;0x7017644d0520e5340d64d9d3ef40c8765ddcf75c
MRE;MANIBUS Open Editions By MREGFX;open_edition;0x7b61162a188a180c99129e0c7a5230be14d91beb
Twisted Vacancy;Major Arcana Tarot Deck (Part 2) by Twisted Vacancy;pack;0xbfb69918f12eed843c67058b2ee9059f1440133e
Trevor Andrew;Nifty Ghost Collection Open Edition by Trevor Andrew;open_edition;0x4140783cc1ba30653a0777126b122931e233ba14
ARC;Square Frames by ARC;standard;0x333ba9b0b9ebae483f3c013d6ac6448a3a14b761
Foreign Family;Foreign Family Collective - Liminal Spaces Open Edition;open_edition;0x6f161c3cd58ece112c19a17e20d93733710b1c1e
Domenico Tedone;Fuori by Sic Est;standard;0x765669a8b721aa9c0446c53511e674a85398e90c
Reisinger Andres;Play by Andrés Reisinger;standard;0xe3be322336b19936e934d861094275b24242cd3d
Alotta Money;Alotta Money x CoinDesk Most Influential;standard;0x52955a727a1854abbaca6492a0dab99412d26186
ARC;Pressure by ARC;open_edition;0x299a95b3a65b3db015fd3cbac2d84d7cc72fb63c
Lyle Owerko;The Action Series Open Edition by Lyle Owerko;open_edition;0xcf148ba990c47741085adadfd5350d75a492129d
Twisted Vacancy;Twisted Vacancy Set Completion;standard;0x7b230ebdac724acdabd567a423cec68eb9327883
Twisted Vacancy;I'm A Monster by Twisted Vacancy;standard;0xc94a53e070f3680bd83c85b8fbb15ba7fc3592aa
XCOPY;DISRUPTOR by XCOPY;standard;0x211899f45856e22df75623a2c6abe7997802ebc3
3LAU;Throwing Shapes Open Edition by SSX3LAU;open_edition;0x8a954618dec93ca46405ecb182823242fbb9fc27
3LAU;Throwing Shapes by SSX3LAU;standard;0xf8384521301b02a280984d4c623cd37a5a1ffc4b
Matt Gondek;CYBERBULLY COLLECTION by Matt Gondek;standard;0xf9acfb7a7b83344c636e3f3099ef11767b4488fd
Sarah Zucker;Sarah Zucker x CoinDesk Most Influential;standard;0xc0bd2fd1707609c1a47e5037a4dd0821a1081e2b
Matthew Taylor;Self-portraits by Matt Taylor;standard;0xa6c9b95e53ccd0497cd106ae49517a4bd0b39453
Daniel Allen Cohen;This Is Addictive by Daniel Allen Cohen;standard;0xccc11b96265ea6c3e18400c8be45c7d96c8332c2
Brendan Dawes;The Waves;standard;0x9e522091747dede35fb7a4ef4704559535e9aad3
Mad Dog Jones;Ideas r the currency by Mad Dog Jones;standard;0x4ac3d17fd6c2db18ec619fe2d68d2c22b18378ff
rac;SYM Open Edition by ARC x RAC;open_edition;0x236b55f1a685c035c34c38f3657dc1cebaaeda53
Jon Noorlander;FIAT vs Bitcoin Open Edition by Jon Noorlander;open_edition;0xd33cec84af0e354019dab48a170d9bfa9633c2c2
Renderfruit;IMMERSION by Render Fruit;standard;0xa6055e5dafb54297eded8da5b6e38915443ee1fb
smeccea;OPEN CEREMONY by SMECCEA;standard;0xed4dfcd9b0584a20b857cfc7ec537b33d75a5247
Kenny Schachter;Select Works by Kenny Schachter;standard;0x69e03f251b372416287bea1f4e976379b032f68e
Mad Dog Jones;Mad Dog Redemption by Mad Dog Jones;standard;0x720172c214f22dfbe9717e96d6d0c516a1975ebc
Trevor Andrew;Nifty Ghost Collection by Trevor Andrew;standard;0x6529efcd919ebd7e08859946ce36b26802df65ec
Kidmograph;WITNESS Open Edition by Kidmograph;open_edition;0xe95452cf73d6023a856e659f2d55323f69d60d1a
Renderfruit;IMMERSION Open Edition by Render Fruit;open_edition;0x7f17adbd141667071acd47494bed85ead14ed6a5
EKAITZA;In reditu by Ekaitza;standard;0xc470c8d45f1f0c2eb41f18b58cb2b2ca84deac27
eduard_ov;FINDING YOURSELF by Eduard OV;standard;0x1ea4a2b4f99ad9c7e1c48dd72af747d3880d5a79
Gavin Shapiro;Creating Infinity by Gavin Shapiro;standard;0x9ec85d88b1f5fa6c9036272a2c65d68f7ebc3c8d
Pak;The Collision: Mechanism by Pak x Trevor Jones;standard;0xebd65c94d6b65764dcac67c7f920f83e8786c245
Gavin Shapiro;Information Pamphlet by Gavin Shapiro;standard;0xf068408d745c4e6c6463618bcfe0e4365ae613e6
goldweard;Skeletoons Open Edition By Goldweard;open_edition;0x937cbf3eb78cf29f35dfb119efc2796226268e0b
goldweard;Crystal Pops - Winter Edition by Goldweard;pack;0x74162f5491efa02ee6673d6add8dc79222062169
ThankYouX + JN Silva;Thank You New York by ThankYouX and JN Silva;standard;0x3a44aad55a70412b189f46852499ace9ec0d6de6
Yonat;Yonat Vaks x CoinDesk Most Influential;standard;0xa22cd8bb341ef4407d4eebd98c50e9b8f3a4c2dd
Simone Vezzani;Dimenticati by Simone Vezzani;standard;0x01013d4c0c8c80fc4ea4d50bdbbe5ae1e699de29
Frenetik Void;Collection of Truths Open Edition;open_edition;0x1d40a5145b5eb1cd0d0b20de5c8fb13e40585d01
SPACE YACHT;Twerk Skeleton by Space Yacht;standard;0x72973a4ed18573ef56004df9210aa9756fa311e5
Carlos Luna James;Further Adventures Through the Multiverse Open Edition by Carlos Luna James;open_edition;0x57888ef52b9529201c29620b66978cdde58d66a2
Prince Jacon Osinachi;Osinachi x CoinDesk Most Influential;standard;0xdc4897694de136187db46f49f69f4ce06c99ecc1
Carlos Luna James;Further Adventures Through the Multiverse by Carlos Luna James;standard;0x5e04a79bb65ba8de06d3a77bdbdb82f44e090e5b
David OReilly;MOUNTAIN TIME by David OReilly;standard;0x8db20e908afef5695baa63ef076189a9b37051cc
Pak;The Collision: Canvas by Pak x Trevor Jones;standard;0xeade9f7853123c7bc58b43a24aec18d553bc917d
Simone Vezzani;Dimenticati Open Edition by Simone Vezzani;open_edition;0x20051ec5c65e5211a6b9bccb316616e6b254fb94
illumino;BEYOND SIGHT Open Editions by Quentin Deronzier;open_edition;0xd9e8e809a081e1839b5a1470a7895531502648e7
Frenetik Void;Collection of Truths;standard;0x8b8b299fe2b799ced7504dfd522be7a3de6661e5
EKAITZA;In reditu Open Edition by Ekaitza;open_edition;0x9b5bb91587899d2169d16bf8086b1824b6b1098a
Marc Tudisco;BROKEN Open Edition by Marc Tudisco;open_edition;0x39a54d3484ecfe677640a99b803a01b23385a801
Vantage;Vantage x Kidmograph Open Edition;open_edition;0xb882a8fd03be2b001843ad831bd9b451cd30fbec
Vantage;Vantage x Kidmograph;standard;0xfd1c57ec758a4cee4ded381e2ab7bce08f3a8f12
SPACE YACHT;Space Yacht Iconography Collection by Space Yacht;pack;0x4334092242deea8b5d7fa025324b6509c7778846
XCOPY;DISRUPTOR Open Edition by XCOPY;open_edition;0xa8bd2de03228d1bb1686fe813047f2a4c638723c
Lil Yachty;YachtyCoin by Lil Yachty;standard;0x9901821bf39c5bcdc446c821ae57b36032ceeaa9
XCOPY;XCOPY x CoinDesk Most Influential;standard;0xc4560031bf20e5c930e77a61a4de9794db51e504
Marc Tudisco;BROKEN by Marc Tudisco;standard;0x27c3dd629539f72d58360ffad470ad8fe4b72523
Allison Bamcat ;Infinity Wishes Open Edition by Allison Bamcat;open_edition;0xbd9872b0d9020350100418fbe4968b8b2a473bb2
Allison Bamcat ;Infinity Wishes by Allison Bamcat;standard;0x930171e3479fd8870089dbc1fee3f19b6099995b
Beeple;Beeple Hidden;standard;0xee4c3d9a77ddd25b9011deaacb60eb3
Christopher Florentino;NYC Kid by Flore;standard;0x7a76222a2ff0f9ed9927f0363a93f582f1b79cd8
Cryptoarg;SINS Collaborations by CryptoArg;pack;0x4391e3387176ea51488cd9a7e9ddf8ea42cc343b
Steven Baltay;FISHΞRMAN by Steven Baltay;standard;0x4f3277f6476d585756d60e70d9b9763f3f4a0912
Nate Hill;Twisted Landscapes Open Edition by Nate Hill;open_edition;0xc5b463f2c5abfa13afbd5965920db48c3701444e
Steven Baltay;FISHΞRMAN Packs by Steven Baltay;pack;0x166c740d4f42dafa1037b12ad4378a20f246006c
Blake Kathryn;Terra Futura Packs by Blake Kathryn;pack;0xda74cc9b4a12d412d04ccf2c621f1627c5b123ee
Beeple;Beeple Final NFT;standard;0x63c0691d05f441f42915ca6ca0a6f60d8ce148cd
Adam Priester;HALLOW by Adam Priester;standard;0xaee0e26e5b14bd98ba1fdcf6237f1414dd80cc4b
Olive;Olive Allen x CoinDesk Most Influential;standard;0xc79df840d0efa0e2e59cd793680b22f6446e763f
Rare Boards;Rare Board #1: The Fiat Barbecue by Alotta Money;pack;0x068138ad82a83cb4cb91abea810b13e95fb2872c
trippyogi;State of Beings By Trippyogi;pack;0x66bcd4e18d7adeb6d0f33cf344ea048fa96f1ea1
Andreas Wannerstedt;Tranquility by Andreas Wannerstedt;standard;0x90d37ba08721337b875a3474784f075f7db4fb07
Pak;The Collision: Moment by Pak x Trevor Jones;standard;0x66b25eda64d507fba4ad0eee4c9498552ff698fd
Trevor Jones Art;Picasso's Bronze Bull #2/25;standard;bronzebull2consignment
Jon Burgerman;Famous NFTs 2020 by Jon Burgerman;pack;0x5d32e097999bd45f86953abe2b3bf11b4b7ef2ee
Cryptoarg;SINS by CryptoArg;standard;0x3ff1fb7eee1ee9b11e08473c1a59994f6f9a2d39
Young & Sick;HARD TO EXPLAIN Open Editions by Young & Sick;open_edition;0xef2883efa7bf4ecf169f3ad6c012994078608985
Rare Boards;Rare Board #1: The Fiat Barbecue Auction by Alotta Money;standard;0x49a3a14cfd84b766595052786baa891537a6fdf5
skygolpe;History of the Future by Skygolpe;standard;0xcd2163d82466b4726a3c9b4d476b89977bf4e924
Pak;The Collision by Pak x Trevor Jones;open_edition;0xe498ec1aff3c1460f6a818826443fd2a7817e775
ThankYouX + JN Silva;Thank You New York Open Edition by ThankYouX and JN Silva;open_edition;0xf2129ea3cf8f356da9dbaa276773fbf8259d6690
Mad Dog Jones;Hypervision Open Edition by deadmau5 x Mad Dog Jones;open_edition;0xa20f75be9427995e596788c29a10c7d734671251
Twisted Vacancy;Neo City Pop Poster Series by Twisted Vacancy;standard;0xe8916dec282a2a15ba2b80856a44577691b317ae
Twisted Vacancy;Neo City Pop Poster Series Open Edition by Twisted Vacancy;open_edition;0x8ed428a5762c4b9b14e7a214fad646b25a339064
smeccea;OPEN CEREMONY Open Edition by SMECCEA;open_edition;0xba2f636336bb22236423b5def4a0476fda8cd204
WhIsBe;'Vandal Gummy' Rainbow Camo Edition by WhIsBe;standard;0x8e81712892d9268050a33350cf81f604f026d18d
Andreas Wannerstedt;Tranquility Open Edition by Andreas Wannerstedt;open_edition;0x59be722aba100b488300cd65e4278be2fc783617
JENISU;Konibini Series Open Edition by JENISU;open_edition;0x7a39cc62642826b0ee8622cdf4586f80c684b5e8
JENISU;Konbini Series by JENISU;standard;0x5e98f414c00b72f377e8db9b9b40413c00ba61ac
Jakub Spacek;LIQUIFIED by Jakub Spacek;pack;0x574acd83d37722c60c08268f7755faad39a6ef81
FEWOCiOUS;Growing Up...I'm Scared by FEWOCiOUS;standard;0x22a7ac591ec9414e0547319d2fb9831b4aed6338
Robbie Tilton;Unknown Chambers By Robbie Tilton;pack;0x131d3a4b75c6600ae32fa30bc5fcb5d613027dca
Zack Fox;That Shit Hurted by Zack Fox;standard;0x223ad297e57722cd5cbb0d462e5934e96630afb3
Zack Fox;That Shit Hurted Open Edition by Zack Fox;open_edition;0xb5079593acc530e09d552acb2ce4a67194f428f4
Alotta Money;Drop 2: Alotta Money Open Edition;open_edition;0x4d27c5de66dbc7acacc4c65426b331879cc40b8c
PR1MAL CYPHER;ART of RESISTANCE Open Editions by PR1MAL CYPHER;open_edition;0xa3c195b5924f0e05528d27bc55d1f158b4c17d06
eduard_ov;FINDING YOURSELF Open Edition by Eduard OV;open_edition;0xc323658f9da75babe7721b4d6af8cf870a892f57
Metageist;Metamorphosis By Metageist;standard;0x81db79e27128334e5be96dba3ff4b4b9f56fcebd
Jose Delbo;Death … Always Present by Jose Delbo;open_edition;0x1ce7a600ed98dd51e3d7580e4c707cfcf896efac
David McLeod;Memory Recall by David McLeod;standard;0xc29491826c757e13bad2d3900c14e750d352a92b
illumino;BEYOND SIGHT by Quentin Deronzier;standard;0x8f2ff946949fa469291cda420bfa1ca0d6ba3118
Yonat;#cryptotales open edition by Yonat Vaks;open_edition;0x021b7a5cb717d8ab3f297c45f700562a4f3a4861
Steven Baltay;Icon Series by Steven Baltay;standard;0xf3b92198c7c5d0a7f64506e98a70a902c92a253f
Steven Baltay;Icon Series Open Edition by Steven Baltay;open_edition;0x2a741a11233706ee57b25e39d3ad328a6aaf5741
David McLeod;Memory Recall Open Edition by David McLeod;open_edition;0xbca6a5b87baf836acbf2c2f408a7a5967338e341
Justin Roiland;The Best I Could Do OE Redemption by Justin Roiland;open_edition;0xf8949397c82ccfe7c5cb3a59d87668a9972f69a2
Gabriel Gimenez;Fado, Clash Of The Titans by Gabriel Gimenez;standard;0x9922da2fb5b729371bacd6ccec80597128545393
PR1MAL CYPHER;Art of Resistance II Auctions by PR1MAL CYPHER ;standard;0x3eeef3627785f2c388412ba6c194683560141349
FEWOCiOUS;Growing Up...I'm Scared Open Edition by FEWOCiOUS;open_edition;0xa2d544196fdbc9da15a701c38bb60513c1802ef4
Madeon;Madeon x The Architects Open Edition by Madeon;open_edition;0xacdcc9ab1b754e6dfd5ffaf77842e384f58f794d
PR1MAL CYPHER;ART of RESISTANCE Auctions by PR1MAL CYPHER;standard;0xd105f1cc3d4fdf46774ff53f10ca734715934d94
Future Art;Future Art x Burst_ Open Edition;open_edition;0x426d18bd13c20a05aa6991746234390d88f9e16a
Arben;The Gateway & Numen By Arben Vllasaliu;standard;0xe4ba5dcfe6561b74595f13d3907975d956a7317e
3LAU;Everything Canvas by 3LAU;standard;0x32c9c9564e492925fdce112c4ca32f410630fff1
Metageist;Metamorphosis Open Edition By Metageist;open_edition;0x26dc256dc5832a7ea16693319b3ffd90d37f286e
Steven Baltay;Imposter's Candy Open Edition by Steven Baltay;open_edition;0xab797755783878dd704021f0f77072e9121768f6
Arben;The Gateway Open Edition By Arben Vllasaliu;open_edition;0x7e96645abd31ecb1ddff3daeca83015e52c59a3b
trippyogi;State of Beings Auction By Trippyogi;standard;0xa745f87fde8066dcb613c562b1d0ccb55f9645c5
Mad Dog Jones;Hypervision by deadmau5 x Mad Dog Jones;standard;0x4e6c7f87d1e08a88a2031bf61d5352b60498a8ce
xsullo;BEAUTY STANDARDS Open Edition By xsullo;open_edition;0xd21f56afbc8ab7be2ff6df2440323f54e9f79a43
Pak;The Title Open Edition 2 by Pak;open_edition;0x1cccc4b5bc4addb9bf95a89e19aa6661c2b745cb
Pak;The Title Open Edition by Pak;open_edition;0xde6123d1e7b0483b16e745ac329750b170ef79d8
DotPigeon;I've just robbed the crypto bank by DotPigeon Open Edition;open_edition;0x1b29e5438de83ed6bf50a0ff0218aa38fc485629
Pak;The Title by Pak;standard;0x090c53bac270768759c8f4c93151bd1a808a280e
Slime Sunday;Banned From The Internet by Slime Sunday;standard;0x005efb3633638dd0dd336ce671920bccb1ea82bd
Justin Roiland;The Best I Could Do Redemption 2 by Justin Roiland;standard;0x3da59661d10b648b9f0dec98a11047353f4432b3
Hipworth;Carl Cox Live Open Edition by Hipworth x Carl Cox;open_edition;0xc937c594cb126fed0db22b41ab070bc206080825
Malavida;Heal The Deal VIP by Malavida;standard;0x396225278b9a9ceabf7de74cffb2b67b14726092
Klarens Malluta;Icons Open Edition by Klarens Malluta;open_edition;0x676e18a3a73c7185041f901a0da4dfbf670e04d6
Kidmograph;Birth Of A New Day Open Editions by Kidmograph x Dream Catalogue;open_edition;0x1262e311bda3b3dd1dd55f2d4567fe8a42644d7a
Sarah Zucker;Be Not Afraid by Sarah Zucker;standard;0x42050cbab7485be9f29615fc8daf2ce9e4c86388
Hackatao;Queens Open Edition by Hackatao;open_edition;0xb396b8699f728735f28a31279d07b1d0d2411baa
Slime Sunday;Banned From The Internet Open Edition by Slime Sunday;open_edition;0x397206a955a6a20d1688ede77a7c767a101a8cfc
Justin Roiland;The Best I Could Do Redemption by Justin Roiland;standard;0xcea604b462e41ae9502a9c95c6fab14c5ecb8d0c
Prince Jacon Osinachi;Season by Osinachi;standard;0x96bfdaace31f87de706a8fa8e8ba6880d8a66621
Sarah Zucker;Be Not Afraid Open Edition by Sarah Zucker;open_edition;0x565fffca446719ee3561366dbe8d1ba9bf1a4e89
Justin Roiland;The Best I Could Do by Justin Roiland;standard;0x032dad5d1d9f3fba88046b08c2676a0daf96b745
3LAU;Everything by 3LAU;open_edition;0x02f03ef74bf40d11b96ce2961cc2bb58630754ba
Refik Anadol;Machine Hallucinations - Mars - Auction by Refik Anadol;standard;0x4a0ff782217f3d5a428f7b4be02a9454be993cd4
Six N. Five;The Japanese Garden by Six n Five;standard;0x8235e1f5893fe89ec6f7e6dcd989abf6028dbcdf
Jonathan Antonio Stamp;Pray to this blackman that is an altar by Jonathan Antonio;standard;0x693a0577723f88e0bddcef75416dc1bc27dc97dc
Future Art;Future Art x Burst_;standard;0xbbcdd3afd096cb315095c85a0db989d9bb6ce6f9
Jam Sutton;AUGMENTED REALITY ARTWORKS by Jam Sutton;standard;0x80f82055b8f5f110971aeba336a2dfd6c4fb6a93
Yonat;#cryptotales packs by Yonat Vaks;pack;0x7018e01bba60ee9dba8c8c189cdb53f9238edf20
Brilly;The First and The Last Open Editions by Locked and Loading;open_edition;0x11ab0243c57c6c1b39f2908aaebaed7ccf351491
Tom Yoo;Back to the Future x Nike Mag by Tom Yoo;pack;0x76f71dcfd0bd0dbeb0ffc7decd0b327cb7dfdc84
Refik Anadol;Machine Hallucinations – Mars : AI Data Paintings by Refik Anadol;open_edition;0xed20bb1fcf2b6c16e7a3b61b61b2805a9636a2b6
Chad Knight ;Zodiac by Chad Knight;standard;0x418b2ae7aecfbed1c0613bd5dc65c7269c045460
Boss Logic;Genesis Open Editions by Boss Logic;open_edition;0x8ae06a29a816580cbd069e460dd57c6c964bb3da
Malavida;Heal The Deal Proud by Malavida;open_edition;0x3c6627269c23d9e0850f43b6fc465f05b20f105b
Filip Hodas;Pop Culture Dystopia By Filip Hodas;standard;0x1d523b2dbdce523a16d3cc38c3e026c4bc09c20d
Filip Hodas;OG Esports X Filip Hodas;standard;0xca6228c58b2aa52b3ac6911da48e7a107bf6170d
Kygo;The Endless Journey Auctions by Kygo;standard;0x7fb5921210f93034d3de704afc3d89903839733a
Robbie Tilton;Unknown Chambers Open Edition By Robbie Tilton;open_edition;0x97ed5b9038fb9bd76a88308cdf97b74ed51403fa
Filip Hodas;OG Esports X Filip Hodas Open Edition;open_edition;0x049057f64fe1c02897947eafc04bf1860226eb8d
Malavida;Heal The Deal by Malavida;pack;0x3ead77c1b86072d700d54efd9727a34058002c8b
Robbie Tilton;Unknown Chambers Auction By Robbie Tilton;standard;0x3c8e7419ef3dad1061d11b23904953258eff92e9
MetaFactory;Vacation Station by MetaFactory x AATIF;standard;0x10b660ec04522b377ce543960cb2b3c4c74f0064
Brendan Dawes;Arcade Machine Dreams by Brendan Dawes;standard;0xd2fb43d7e034be030ef89613aea490f39023fa4d
Dave Whyte;Structures by Bees and Bombs;standard;0x87ed7de73590ec5d12e285892a31850a4f1a3b9c
Stuart Lippincott;stuz0r 1st Nifty Drop by stuz0r;standard;0xbbcbe0c503fbe3193358c2f6c9c1f0e9f2f2956f
Dave Whyte;Structures Open Edition by Bees and Bombs;open_edition;0x9a59199b81ebaf62baa9a96c8f33814fe0884477
Stuart Lippincott;stuz0r 1st Nifty Drop open edition by stuz0r;open_edition;0x7d074dcb17a5a61acf1b0c485d7139be7177ede5
Jose Delbo;Heroes Playing Poker by Jose Delbo;standard;0xc31ca62f1c90b5bce1564a995228855b026af290
MetaKovan;Savage$77 NFT drop by MetaKovan;standard;0x2d9e72f522e95d33167d0d6b9a8b9015462c0306
OG Esports;2018 Dota 2 Championship Rings By OG Esports;pack;0x3f133816f8178b93ac991a2c3eeddb8f947af0cb
ARC;Dream Open Edition by ARC4G;open_edition;0xca144b0c5d00e93ad8d705bdca2bf68a54d5992f
Boss Logic;Genesis Auctions by Boss Logic;standard;0x1e6ebe5e7aa3cd50d0d7838ac70c46102e84b5fa
PR1MAL CYPHER;Art of Resistance II Packs by PR1MAL CYPHER ;pack;0xdb908f9718acd81a18ea978ead8b0c9477e23f24
Daniel Allen Cohen;This Is Addictive: Part 2 by Daniel Allen Cohen;standard;0x3c3f7073f630e74686c7bc132498b583fa9f2346
Monstercat;ORIGINS by Giant Swan x Monstercat;open_edition;0x42a62560ceca4b0d2c4e3580035246a37399acaf
Monstercat;Constellations Pack by Monstercat;pack;0x4c06461ce7fbc6f85ab54ccc80f9a4a4cf602b5c
Jose Delbo;Heroes Playing Poker Open Edition by Jose Delbo;open_edition;0xaac1c334fa3e791904439c5f217f53dccbf7ea59
D*FACE;Poor Connection by D*Face;standard;0x1f37bd5f0bb94eb2373fe738ed22aaa177a349fd
Gavin Shapiro;Something For Everyone by Gavin Shapiro;standard;0xb84e2612b67ddc0a70a71ead9984b4ab820a6565
Blake Kathryn;Four Winds by Blake Kathryn;standard;0xa70d6b6222fcc73dc26512634afe8bde378f3b7e
Filip Hodas;Pop Culture Dystopia  Open Edition By Filip Hodas;open_edition;0x01a7abd1e371d7a43ebbc1f17cd2660f1d77287b
Boss Logic;Genesis Packs by Boss Logic;pack;0x90709c29b779e5228e86ff04bb60a3643ea3e0e6
Killer Acid;I'm Not As Think As You Stoned I Am Open Edition by Killer Acid;open_edition;0x7bd38f614a494c086a030dff0a35ead31529713c
Defer;Spirit VS Machine by Defer;standard;0xdec4993f29f68f1ea4de65dfe9c14983c3a60142
Fvckrender;FVCKRENDERVERSE// by Fvckrender;standard;0x8200e6a1ac4a480fa8f31c5ed9d8d34afc26fc66
Peter Tarka;The View By Peter Tarka;standard;0x5d02a978257a76bfb2d7113df78e11691bcacc6c
Kenny Schachter;kenny schachter art;open_edition;0x43c03558096982049c2db900f2218df7ce9d6788
Genies;The Next Chapter: Mesut Özil x Genies;standard;0x9499268f6f51a44f3b2a83d521020a3ee16d283b
Chet Porter;Saltwater Series by Chet Porter;standard;0x7cd5ba55b5cc9bf5b933e917a762f2b6cb1b25c5
Defer;Spirit VS Machine Open Edition by Defer;open_edition;0x5d152704f98a9e7b38453da6cbc41fcd380c9f41
Metageist;Metaphyla 2 Packs By Metageist;pack;0x780663fd373e961271ef6e8423e58803786ebe55
Galantis;Mare Vulpes by Galantis x Mat Maitland;standard;0x61f6c5a66a46d3bb336433d1f76030740be45add
Anna Zhilyaeva;One Dimension Away by Anna Zhilyaeva;standard;0xed9025e1f465704999e91a6ba1b421aadbd80a12
ARC;Dream by ARC4G;standard;0x4cea95cf26c724a6fb1666fbe480cdb9554deba6
DotPigeon;My dark twisted fantasy by DotPigeon;standard;0xbc8adb88debc9d6c48e96faca0a44185414803f1
PR1MAL CYPHER;Art of Resistance II Open Editions by PR1MAL CYPHER;open_edition;0xfb0822feb89afed34b2969f650b68e9216ae163b
FEWOCiOUS;Looking in the Mirror by FEWOCiOUS;standard;0x3b7296d63f799c1566b0c09df61cb7fdd6ac95cb
GMUNK;Floating Alone By GMUNK & Bedtimes;standard;0x0c53a39e62b4a4c0a54c0b33b2045af808158833
Luigi Honorat;L'Envers Series III by Luigi Honorat;standard;0x6060331bf732cc07fd5bbb26f356222a9780721e
Superplastic;JANKYFAM: Frendz With Benzedrine by Superplastic x Janky;standard;0x8224761320780f9c8022dddcbe2e4dcbaffbad3c
Reisinger Andres;THE SHIPPING Open Edition by Reisinger Andrés;open_edition;0x35983810b71cb3b53b9c81d084daf96b0cece2ec
Gavin Shapiro;Something For Everyone Open Edition by Gavin Shapiro;open_edition;0x0974ec8c00c8c160d88e315579c00da6ca4e5e32
Roger Kilimanjaro;Sound Block Chain by Roger Kilimanjaro;standard;0x95c43f41965b6d2ab803a9850dcc4ce3b9a064f7
zomboy;Headshots by Zomboy;standard;0x1650bc516f5e6fc1a3a4aeb402419f0d8c617c43
Peter Tarka;The View Open Editions By Peter Tarka;open_edition;0x4f6b352cabb1bdec48fe9eb7d56eaa59e0f2b0d8
Hugo Lomas;Urban Mistura by Sfhir;standard;0x68120994c16fa069bb3549fa06a602671eb1073a
Anna Zhilyaeva;One Dimension Away open edition by Anna Zhilyaeva;open_edition;0x84d66a4fe8e7b164ccb2a97c4366a6c4603666bc
Victor Mosquera;Everything Connected by Victor Mosquera;standard;0xa96bd7b1771072d98067307fa6bf0ff58c0328ba
lushsux;Lushsux's Lambo Fund Open Edition by Lushsux;open_edition;0x30f23d387c076d61fa5017516bedadee01a27356
toomuchlag;My Journey By toomuchlag;standard;0xd8d1f01b836f5717bbc5639e91d78032ebae2571
Ozuna;Ositos Collections Open Edition by Ozuna;open_edition;0x05c1803ca6b13eb796e8eca6303730a9908d6389
Brendan Dawes;Arcade Machine Dreams Open Editions by Brendan Dawes;open_edition;0xc9d673008b8f08103e7a3e096b6fdd56fc575d49
Hackatao;Queens by Hackatao;standard;0xbc4014ae24bc7d86de0eaeb89161e5926dae08ed
Trevor Andrew;Can't kill a ghost open edition by Trevor Andrew;open_edition;0xf073234f41b60f64c6d739ba3d93095ab9c52f1c
Victor Mosquera;Everything Connected 'Open Edition' by Victor Mosquera;open_edition;0xa2c94475d82d30b4ed09d8e839bece238183609d
lushsux;Lushsux's Lambo Fund by Lushsux;standard;0x85dbceb0829f8403166a011f4eab2dea7688cf41
Kenny Scharf;Hammer Time Open Edition by Kenny Scharf;open_edition;0x4273dece74dea0866688f1b2cd6d1e08d5619096
Kenny Scharf;Hammer Time by Kenny Scharf;standard;0x023ff2568a4ad55c8a428986dac38588130409b7
Marc Tudisco;ANOTHER WORLD Open Edition by Marc Tudisco;open_edition;0xc77e89d380498b205fa9eb648c5a21054c5548cb
Blake Kathryn;Four Winds Open Edition by Blake Kathryn;open_edition;0x011cd4cd1e49ab8be68d6caf658bae1ec07247be
NFN Kalyan;Tempus Fugit by NFN Kalyan;pack;0xd7331cdcbe373e8c754cb8d5d5bd9c40ccb58348
Superplastic;Janky and Guggimon : Virtual Art For Real Psychos by Superplastic x Janky x Guggimon;standard;0x20827405b229063274acd88b93b9cfe58235f408
Christopher Florentino;The Elephant In The Room by Flore;standard;0xed9ef1f7d34cde01a9a26b352cf52bf0fb2dee85
Genies;The Next Chapter Open Edition: Mesut Özil x Genies (Open Edition);open_edition;0xae6b9c363c5b6bbc6f613bd10c129b1e247f23b0
Steve Aoki;Dream Catcher Auction by Steve Aoki x Antoni Tudisco;standard;0xbeccd9e4a80d4b7b642760275f60b62608d464f7
Ondrej Zunka;I'd Rather Be Outside By Ondrej Zunka;standard;0x3a8a428eca137dd472aba8b3e75883eb1c8051b2
goldweard;Crystal Pops Ancient Edition By Goldweard;pack;0x147f5bf799b26f304dca874f1b79ee57eea79716
Ondrej Zunka;I'd Rather Be Outside Open Editions By Ondrej Zunka;open_edition;0xccde9b6d9515e5d04879e62fc20b4551846281f7
Wolfgang Gartner;Fucked Up Fables Open Editions by Wolfgang Gartner x Voodoo Bownz;open_edition;0xb62bc21bf7eb25560a8b9f039feed78447203e11
illumino;My Head In Your Hands by FEWOCiOUS x Two Feet;standard;0x80a50b716ddc43f525c479925d6aa048604eab14
Fvckrender;FVCKRENDERVERSE// Open Edition by Fvckrender;open_edition;0x47fa6cc7c0e3f2f15c7a64edf8c240bff7e26fbb
Marc Tudisco;ANOTHER WORLD by Marc Tudisco;standard;0x0aebcdd214084acd112db0c9c4f31db3421f6ff4
Chad Knight ;Zodiac Open Edition by Chad Knight;open_edition;0x51199025451bb0e9ee5315ce3a227bca51610e2f
rhymezlikedimez;The Soundtrack To My Life Is A Drawing, Vol 1 Open Editions By rhymezlikedimez;open_edition;0x32bf213df29fe5401d040c284c5a3d5f616b457f
illumino;My Head In Your Hands Open Edition by FEWOCiOUS x Two Feet;open_edition;0x63984ef7a91ea69cdad6c7071890ee4d2fccab4b
Superplastic;Kranky: Metal As Fuck Series by Superplastic x SketOne;pack;0xf8cceddfcd5329de91be6a55edf99b7d2f60924e
Genies;The Next Chapter Auction: Mesut Özil x Boss Logic x Genies;standard;0x27371d31cb8ba4803b75ce27f5a0af9d4e00df72
Superplastic;Superplastic Gift NFTs by Superplastic;standard;0x59efaa58176a2f5d446aa1fdd5519ac2ac196b32
Renderfruit;The Look of The Other By Render Fruit;standard;0xa2d989cfd159f5634699c8f6e7f559e87158bcf3
Renderfruit;The Look of The Other Open Edition By Renderfruit;open_edition;0x05c5b1e9b3f0a195159be1982fec824a9c9549a3
Gramatik;Purple Queens Collection Open Edition by Gramatik;open_edition;0x573b88ebbf597d51ed19476b7e8ddc1fcd6c9de3
Reisinger Andres;THE SHIPPING by Reisinger Andrés;standard;0x9f8371fe1fda39d76684be54fd4605f4932d6755
3LAU;Everything Audio by 3LAU;standard;0xc49145aa857cb73f0741da1b29248993703b6a23
NFN Kalyan;Tempus Fugit Auction by NFN Kalyan;standard;0x78cd2a33d8a03255a118a5cbc59c8e14b485c12c
Esteban Diacono;Platonic Love Open Editions by Esteban Diacono x Mike Shinoda;open_edition;0x2c0b751ad3bba4c6127c2002502436d298fdcf3d
Zach Hsieh / ZHC;Critters by Zach Hsieh - ZHC;standard;0x118f37daaf3087fc3d95f6a5d7f289c82803453b
Justin Maller;THE SECOND STORM;standard;0x9bd5ad493b8b81b568e26aa8d43ad2af073dc88b
Marius Sperlich;YOU ONLY LOVED ME WHEN WE WERE HIGH COLLECTION Open Editions by Marius Sperlich;open_edition;0xa55651b16153b82c910dd1fba9f7c573e0ac2662
GREG MIKE;The Future Is Now by GREG MIKE;standard;0xcb7423812ee240151522c0197cdd5ba580ed82ac
Justin Maller;THE SECOND STORM Open by Justin Maller;open_edition;0x8863fbcb4b86d0b4813ca52a30b3f5f6b81dacf7
Mad Dog Jones;Crash + Burn Open Edition by Mad Dog Jones;open_edition;0xd949a444f29ede73f517942eb4d8e3ccdab25d58
Mad Dog Jones;Crash + Burn Auction by Mad Dog Jones;standard;0x71fd7cf9a117d8547cc8583ac406fde726321c1e
GMUNK;Floating Alone Open Edition By GMUNK & Bedtimes;open_edition;0x94839c2548e53f93a03f6ee3f7710528d03753ca
Friends With Diplo;Cloud10 Open Edition by Diplo x FriendsWithYou;open_edition;0x005c1cfc36e5ec711bcac7eddbde7898fb332b47
GREG MIKE;The Future Is Now Open Edition by GREG MIKE;open_edition;0x20c9a5adf56f530ea60f2609851d8848886993a2
MeatCanyon;The Meat Locker by MeatCanyon;standard;0x1a4ab0f1ebc1170989f25673ae9b433ecb36ceb2
Gramatik;Purple Queens Collection by Gramatik;standard;0xe121fc6727d02aa4f74255d1e655901890b3503d
MICAH DREW JOHNSON;Aku: The Moon God by Micah Johnson;standard;0x325363e6d26819f21d71385da8f35e10e50e4920
smeccea;WHOLENESS by SMECCEA;standard;0x247e5c7b8279fd8fa94ab7fd48957c5bbf9762eb
Kenny Beats;friENDS FOREVER Open Editions by Kenny Beats x Drew Pulig;open_edition;0x70fea167c65ed474959c475eeb2d2c8bbfee0bc9
aeforia;Five Fears Open Edition by aeforia;open_edition;0x715c76fe547ffeeae7db6cbaa64ec0f4cc4ca416
WhIsBe;Extinction Packs by WhIsBe;pack;0xcb53ac3735c0c234fb420d459043684cbc073a12
Jo-Anie Charland;Rooms Packs by Baeige;pack;0xb9291c9909734ccb206ba1ef0d64892336757172
Jo-Anie Charland;Rooms by Baeige;standard;0x3a3b2fdac9dd7bfb0fd8a0302d7085df409ba98c
smeccea;WHOLENESS Open Edition by SMECCEA;open_edition;0x2f6f29111ee8593179ca36ff92b54f4d14517f45
Jon Noorlander;Crypto Sculptures by Jon Noorlander;pack;0xf9703fbceda236abe22a8aae2cc425dae5e6e5a4
The Knocks;Technicism By The Knocks;open_edition;0x268428b34f991c0a54f5a8a26ec8a9021fa91fc8
ThankYouX + JN Silva;Thank You Miami by ThankYouX + JN Silva;standard;0x83713d80cd9134e35ae6861372ab90d9e449b4ab
T.J. Miller;T.J. as a Slot Machine Open Editions By T.J. Miller x shanef3d;open_edition;0x72aca78116f6767ee342d49894b4bb498d5c7756
Jon Noorlander;Crypto Sculpture Gift by Jon Noorlander;standard;0x17fe7176f58c688789f579d7ce9770a2834d5c41
Insane Critters;INSANE CRITTERS UNCOMMON PACK by Zach Hadel and Michael Cusack;pack;0x244dad44fa49055c2bd7831314c39a2feb001bc5
rhymezlikedimez;The Soundtrack To My Life Is A Drawing, Vol 1 By rhymezlikedimez;standard;0xbbbee5503a40d51893674f3dd234196a115ce4aa
Insane Critters;Insane Critters Auction by Zach Hadel and Michael Cusack;standard;0xb3535dad3b35beb2c0d382cdde65dcb8d2594716
Zach Hsieh / ZHC;Critters Open Edition by Zach Hsieh - ZHC;open_edition;0xd230f1856af4d9dede569a630baa3a5683a9b741
RTFKT STUDIOS;FEWO WORLD by FEWOCiOUS x RTFKT;standard;0xc633787348f652611c3166209d1fc4cd82b30ada
Mankind;Speculation by Mankind;standard;0xc791bd514a93add8c87a981b959265bfe3cad962
Jon Noorlander;Infinite Sculptures by Jon Noorlander;open_edition;0xb2dc5f254c5568a9684afd9ffd0c0d9bed2b92c0
Jo-Anie Charland;Rooms Open Edition by Baeige;open_edition;0x1a9efe6d9a7a977a938f03b1a549bdd9cd316432
Ted Chin;Ted's Little Dream Vol 1 By Ted Chin;standard;0x2d56c93d9cba26302e8a64619b2f35e56c962fbc
Josh Pierce;Portals by Josh Pierce;open_edition;0xe7562366aec16d3e351c410f83b04ecf904d49aa
Grimes;WarNymph Collection Vol 1 By Grimes x Mac;standard;0x948b3515d81034a3c16d5393c6c155946c93c103
Insane Critters;INSANE CRITTERS RARE PACKS by Zach Hadel and Michael Cusack;pack;0x9d5f0b685d6b63c6d111ed09a034d466723f30c9
Brilly;The First and The Last by Brilly (formerly Locked and Loading);standard;0xb1308663d76223d764b695c34546615b3f234c0670
Insane Critters;INSANE CRITTERS Open Edition by Zach Hadel and Michael Cusack;open_edition;0x6af8859dde92b36766b6abdb74a68813f0dc8ce9
Grimes;WarNymph Collection Vol 1 Open Editions By Grimes x Mac;open_edition;0xe04cc101c671516ac790a6a6dc58f332b86978bb
Ted Chin;Ted's Little Dream Vol 1 Open Editions By Ted Chin;open_edition;0xb59da34c9e2bc12b327d3116c46b3823ef11343d
aeforia;Five Fears by aeforia;standard;0xadbc47339972f050443953d558f30a713b6e9e7a
Trevor Jones Art;FROM PALETTE TO CANVAS A TREVOR JONES RETROSPECTIVE;standard;0xc4ea5b0abe37addf21809754feeabee5abbe9b15
Ozuna;Ositos Collections by Ozuna;standard;0x479e34f0e7ec4491f8a2a65c4440088ab0126413
Matt Gondek;BREAKDOWN Open Edition by Matt Gondek;open_edition;0xb5a19b9aa60e96b85f0786ac88871cda72cb94c5
Alexis Christodoulou;Homesick By Alexis Christodoulou;standard;0xeeb9247a2d11ed4032125656a4b75daadfefaf79
T.J. Miller;T.J. as a Rubixcube By T.J. Miller x shanef3d;standard;0xadffa7a3e7ffe3a78e53e91bbb1e472f2a80aa23
Matt Gondek;BREAKDOWN by Matt Gondek;standard;0xacad530cb54f52f05fa56cbc95cddf471ecadc21
lefty OUT there;Somnium By Lefty Out There;standard;0xffbfc48c1e5ae9dfefae369e0a2f98ba13b650f5
MICAH DREW JOHNSON;Aku: The Moon God Open Edition by Micah Johnson;open_edition;0xe1bd4b40079cd73d5d55426274a94ee662c0c67b
Trevor Andrew;Can't kill a ghost by Trevor Andrew;standard;0x5dee0bcfed9a0311a584f4a4e96f4bdebec5c2dd
Trevor Jones Art;FROM PALETTE TO CANVAS A TREVOR JONES RETROSPECTIVE (Open Edition);open_edition;0xe9be55ffedb6c2a2f3f8eac31c60d7f122f79958
Alex Solis;The Virals & The Lottery by Alex Solis;standard;0xc20b249a2f7f36554097774031be55b2f5f3a58d
Adam Priester;Last Thought by Adam Priester;standard;0x3bf05ea9e20e98ed269e67025cfdf716c37006c7
San;endless nostalgic loops by San Holo x Thorwald van den Akker;standard;0x9005b8ee23cdd464faaa62826c9a8a7d93974e30
Adam Priester;Last Thought Open Editions by Adam Priester;open_edition;0x03ff83e2c8996e29db1d78c116926a369ffe83ab
John Guydo;Ritual Open Editions by John Guydo;open_edition;0xe1ff05ca2aaa7c99a551ff951557014055c1002c
Mankind;Speculation Open Editions by Mankind;open_edition;0xdb4a62d58220db3c23d63c7887fb7b9208018425
WhIsBe;WhIsBe Redemptions;standard;0x874337c07a26072a9b4334bd19cb1d5b242034df
RTFKT STUDIOS;FEWO WORLD Open Edition by FEWOCiOUS x RTFKT;open_edition;0x2250d7c238392f4b575bb26c672afe45f0adcb75
Mad Dog Jones;Crash + Burn by Mad Dog Jones;standard;0xc5ed978eeb04e8e407928f1e711c6095c0084f2e
Jon Burgerman;Uncut Gummies Open Editions by Jon Burgerman;open_edition;0x98643b89b13acebaf93bfa8d099e113749c8b5d7
Gavin Shapiro;The Power Of Three by Gavin Shapiro;standard;0x933231dbe57af7553023e226902580692959446c
3LAU;IRIDESCENT Open Edition by SSX3LAU;open_edition;0xc92ca2b5b8a996ad2a6fdd97c6d7ed038e61c725
Robert Jahns;DREAMING WITH OPEN EYES Open Editions by Nois7;open_edition;0x78994e16f28e784c8f8ef75579b949a87fbcba77
Brilly;The First and The Last by Locked and Loading;standard;0xb1308663d76223d764b695c3c1615b3f253c0670
MeatCanyon;The Meat Locker Open Editions by MeatCanyon;open_edition;0xca300a0026d9b3242e22ec597d93b903dc06752d
boysnoize;Boys Noize x Kelsey Lu x Art Camp release official full length music video for auction!;standard;0x3d80d9d13607c930ee24bb7140a77c2e90c2f63f
Never Say Die;REBIRTH by Never Say Die;standard;0x1dfe172d1d8dd99fb486fc4580000202d9916da0
NGHTMRE;A DAY IN THE LIFE Open Edition by Greg Mike x NGHTMRE;open_edition;0x5e6ccdaf012251c076f7a30cc107a1c5a64fe34a
halsey;people disappear here by Halsey;standard;0xabf452edf3a1d98c7097be60bff643ae0b9d851c
Cris Cyborg;Cris Cyborg Collectibles;standard;0xc0d60341cb0ba6ac6ddcd2858e9f3d5c8fe6c45e
toomuchlag;My Journey Open Edition By toomuchlag;open_edition;0x41113bce4659cb4912ed61d48154839f75131d7a
FEWOCiOUS x parrott_ism x Odious x Jonathan Wolfe;Fabricated Fairytales Open Editions by FEWOCiOUS x parrott_ism x Odious x Jonathan Wolfe;open_edition;0x068f74749c24a42058563035f8c786362fc96494
XCOPY;TRAITORS open edition by XCOPY;open_edition;0x8a939fd297fab7388d6e6c634eee3c863626be57
3LAU;IRIDESCENT by SSX3LAU;standard;0xc92ca2b5b8a996ad2a6fdd97c6d7ed038e61c7222
Andreas Wannerstedt;Layers by Andreas Wannerstedt;standard;0x5b9428b306df8c68f5b9c6c56383e63ee54e949a
Jose Delbo;Death - Full Moon by Jose Delbo;standard;0x24b3345ae9928c9a4bcd93f8539792d7468d396a
Paul Jackson;INSIDES Open Edition by Paul Jackson;open_edition;0x934fdb5084d448de4c61c960c5f806689ae720b1
Steve Aoki;Dream Catcher by Steve Aoki x Antoni Tudisco;pack;0xdda2ea1cef44c206818161e7876f7277bd39a99c
Chad Knight ;CLASSICS by Chad Knight;standard;0xbdb5186e85c52a09570f998ca0298657862e5323
Andreas Wannerstedt;Layers Open Edition by Andreas Wannerstedt;open_edition;0x5e2c8841afd2150d0baaceb44f1487f3f13e5aed
John Guydo;Ritual by John Guydo;standard;0xd84c065f10e773acfbe5c56716165156f4b3c412
Young & Sick;HARD TO EXPLAIN Auctions by Young & Sick;standard;0xa4e977d37d4b122ead51a9612da68bc8848029da
Chad Knight ;CLASSICS Open Editions by Chad Knight;open_edition;0x7e89e7a96735a10b01a36b6455c745749df304a6
Roger Dean;Allurium by Roger Dean;standard;0x59e0aadb79fe7a00fc4f1564485702804676b918
Jon Burgerman;Uncut Gummies by Jon Burgerman;standard;0x374e4a05e665f25b6c996ec2eeae05c792359821
FEWOCiOUS x parrott_ism x Odious x Jonathan Wolfe;Fabricated Fairytales by FEWOCiOUS x parrott_ism x Odious x Jonathan Wolfe;standard;0x1c233a2676bd7ec4f83b78962712fb66350f7d26
Nate Hill;Getaway Auctions by Nate Hill;standard;0xaad5fc352ddf2b60074bbc9a6fd0867b2cc01547
ThankYouX + JN Silva;Thank You Miami Open Edition by ThankYouX + JN Silva;open_edition;0xea70a9e62057dd7629e7c9ca7500290544d13e56
Nate Hill;Getaway Open Editions by Nate Hill;open_edition;0xf72136fb50f0c90324c9619aaab4289eeb277f3e
Young & Sick;HARD TO EXPLAIN Packs by Young & Sick;pack;0x02b38af10213d7d9b42cff604c2ed94404dd2b69
Madeon;Madeon x The Architects by Madeon;standard;0x8d6ca7ea3d7b7ae3dc46789966328860b032a89f
Steve Aoki;Dream Catcher Open Editions by Steve Aoki x Antoni Tudisco;open_edition;0x2af6eb2bfda21572615708532602454e5413bda1
deadmau5;Slickmau5 Open Editions by deadmau5 x OG Slick;open_edition;0x8052cf13297be29d231467936b6d38b2e48a130f
Marius Sperlich;YOU ONLY LOVED ME WHEN WE WERE HIGH COLLECTION by Marius Sperlich;standard;0xc531303f177a0269cef52939d5d16a2d2a74d7e1
DotPigeon;My dark twisted fantasy open edition by DotPigeon;open_edition;0x3f4a759e9a11f109c7970cef934d6753c1a5c43e
Justin Roiland;Decipher Open Editions by Justin Roiland;open_edition;0x5af05b9716a58cba143bddaad541112d8953305e
FELIPE PANTONE;THE GRAFFITI COLLECTION by Felipe Pantone;standard;0x693e75fa374708c7d40d56eba34e47b49c2cebb4
Carlos Marcial;House of Marcial Open Edition by Carlos Marcial;open_edition;0xa0a5787cd454064ebfbe86cce45c571aa7d5f94b
Almine Rech;César Piette - Nude, bird, landscape and vanitas;standard;0x0418639ccd844318fd05ea0de312ac49e117765f
Game Disease;Game Disease by Frenetik Void x Milton Sanz x Oxeegeno;standard;0x83815c9d5790bddc2b83490d13412e6abb2bebbe
godz;bad blood Open Editions by godz;open_edition;0x7ddc7fdaa0ab2173c8270a599e8035d9e79e5a1c
Kenny Beats;friENDS FOREVER by Kenny Beats x Drew Pulig;standard;0x323e1f0d0801eca2a5f97f1f68188eda60dbd94d
Justin Roiland;Decipher by Justin Roiland;standard;0xe628ef7988227e58ff93d9898706aa106aa5608c
NGHTMRE;A DAY IN THE LIFE by Greg Mike x NGHTMRE;standard;0x41e39c27e5a5406b2d0b5cc2097f43a120e5ccf3
godz;bad blood By godz;standard;0x0e81f3253460bca7dd000a520143e9de914e2915
Disclosure;Many Faces Open Editions by Disclosure & Friends;open_edition;0x4ef001bdf967a34eb59a7b92e0a6171189d25edb
Friends With Diplo;Cloud10 by Diplo x FriendsWithYou;standard;0x1d13888404efe5d6893cb31cfcfba80dfe142879
Kygo;The Endless Journey Open Editions by Kygo;open_edition;0x3e88721fa41d5e102d54b4a04e550222efdd234d
bassjackers;Les Pays Bass by Bassjackers;standard;0xf269245632dc990ccbb321f3fbb8f2e45fc5c292
SPACE YACHT;Space Yacht Iconography Collection Vol. 2 Open Editions by Space Yacht;open_edition;0xfa037f7fdfd56560623b16c5c9fcc2cced2d886e
SPACE YACHT;Space Yacht Iconography Collection Vol. 2 by Space Yacht;standard;0x5b9b588fb701d161470575ce93b8718985d37c57
deadmau5;Slickmau5 by deadmau5 x OG Slick;standard;0x6caa272b1e9a074a66d82e7f77437e3ba5cdbcd0
Roger Dean;Allurium Open Editions by Roger Dean;open_edition;0x79064a0ef6019881386d3ed5e47acb914babc08c
San;bb u ok? by San Holo x Thorwald van den Akker;open_edition;0x7cca2536a9ce1059d17042024abc8de6032fcf28
John Guydo;Ritual Gift by John Guydo;standard;0xa9d57298ef07e99522e6fd273220acc24654e4dc
Killer Acid;I'm Not As Think As You Stoned I Am by Killer Acid;standard;0x0ca30998af2f22274fa61d19bb8a1d4896026bbb
ODESZA;All Access Pass Pack //001 by ODESZA x Japanese Dad;pack;0xcc1119186072b0dfdc6bb913f5b1516c0d198172
bassjackers;Les Pays Bass Open Edition by Bassjackers;open_edition;0xd49c8a4d7b33ee083cd8d0665675cc4ffa183d72
Never Say Die;REBIRTH Open Editions by Never Say Die;open_edition;0x1b4bfe4ee9d5db1149c31390acbd1572823611cb
Paul Jackson;INSIDES by Paul Jackson;standard;0x8825dd9237a3a3d4f768a826bccfa161d36fbedf
WhIsBe;Extinction by WhIsBe;standard;0x9c55cc89feddc087474d39e4e0259401b57bd455
halsey;people disappear here open editions by Halsey;open_edition;0xe84737fa86b8790bee352ad3d86f8e37f536f458
Lyle Owerko;Lyle Owerko Boombox Project;standard;0x50476811f205c0701ee7792ae1745c5af191f48c
Vantage;Vantage x Polygon1993: Digital Destiny by Vantage & Polygon;standard;0x4c4e2f6b1738817c3d535c6a394bbdbf6a3243ef
Wolfgang Gartner;Fucked Up Fables by Wolfgang Gartner x Voodoo Bownz;standard;0x3ccc2ea050de8340de317dc23e02ce2b5a573d41
WhIsBe;Extinction Open Edition by WhIsBe;open_edition;0xcd136e30b316837c190241e838639c619516fdf9
Zedd;ANTIPODE by Zedd x Silly Gabe;standard;0xf201168edd2bc91a412ee4d105dd6f20f5a41ddb
D*FACE;D*Face Gives You Wings 5 min open edition by D*Face;open_edition;0x1e20e71821813c19aac785bd782fa16e4efba471
Michael Kagan;Select Works by Michael Kagan;standard;0xbd568bb68f45b16d4413cab547f7198ddaf8a9f2
Stuart Lippincott;Temples by Stuz0r;standard;0xc4c3f3216f4aa7e91e73fced36bc1f01ee3e6345
Carlos Marcial;House of Marcial by Carlos Marcial;standard;0x7fa860b80603d555bbc26c7432c60c1d8dde890c
Andrea Bonaceto;ARTificial Intelligence by Sophia the robot x  Andrea Bonaceto;standard;0xbe60d0a37ebde6f4ad22ceb311a28b3c53efe4e5
OG Esports;Seasons Open Editions OG Esports x Josh Pierce;open_edition;0xf5e68fe8cf440a685429d4f31f264045bc58b400
Andrea Bonaceto;ARTificial Intelligence Open Edition by Sophia the robot x  Andrea Bonaceto;open_edition;0x250f33fc9dc0b5a2d50e317adb8515c8d87eadc9
Frank Holliday;HOLLIDAY;standard;0x4f0005d92feabbcffd46eb0bccae61ef81f03802
ODESZA;Remnants Collection //001 Open Editions by ODESZA x JapaneseDad;open_edition;0xe069d23c03e2c690ae925acc5e542677be05b649
Friends With Diplo;Cloud10 Charity Drop by Diplo x FriendsWithYou;open_edition;0x838061a398029f1fab6bd00692fb1182501baab2
Victor Mosquera;LOTUS Open Edition by Victor Mosquera;open_edition;0x342def14056c52df731066c3ded771dbb3a7ea16
Superplastic;Janky Ass Crypto Collection 2 by Superplastic x Janky x Guggimon;pack;0x1367963d0fb938b14f073d12101f1157536f3875
Vantage;Vantage x Polygon1993: Digital Destiny Open Editions by Vantage & Polygon;open_edition;0xaf9d23e8d9e5808a86834f91f368a78a7f686b27
FELIPE PANTONE;THE GRAFFITI COLLECTION Open Editions by Felipe Pantone;open_edition;0xa93e294502550d4fc3373847400978d04c01c1cb
David OReilly X Flying Lotus;lofi beats to contemplate annihilation by David OReilly x Flying Lotus;open_edition;0x894c2a929ceb2c39b8c9f503d6d94c0d9df8ae72
XCOPY;TRAITORS by XCOPY;standard;0x905e7e152ecd7315f03d8d671578ea72684cca99
Open Earth Foundation;The Carbon Drop by Fvckrender, beeple, GMUNK, Reisinger Andrés, Sara Ludy, Refik Anadol, Kyle Gordon, and Mieke Marple;standard;0x0151834a6997f89eb8372ac54ac077d79bb4d1e0
Roger Kilimanjaro;Visions by Roger Kilimanjaro;pack;0x9261d9232379e17d2f81903817ed222bf06d0c17
Rare Boards;BoardRooms Open Editions;open_edition;0x6e16be154ca5e7351a4855826fbb6974a63f9802
Rare Boards;BoardRooms Alotta Money Dart Packs;pack;0x25395d908e35e6315e68c61489385650102d2a70
Rare Boards;BoardRooms Jon Burgerman Dart Packs;pack;0x7f89453427b955e6365efb2eaa9d3b7f1e22fc91
Rare Boards;BoardRooms Trippyogi Dart Packs;pack;0xf91b673aaf37242257618bf8b467d20adcea13ce
ABV GALLERY ;Chain Reaction NFT Crypto Art Exhibition;standard;0x9fe5bdf8194a6aebb1b68b47cb44f382725f38bc
Jonathan Thunder;Vignette by Jonathan Thunder;standard;0x8f6361f2580ccfc44d0e9f9493825fd55a14e4ad
Jonathan Thunder;Vignette Open Editions by Jonathan Thunder;open_edition;0x6d47fedf93d933b5dd41b4769b841a8fa7107566
Superplastic;Gifted NFTs by Superplastic;standard;0x73107f9044c3d47d2f18157d21c22013ee9a7a75
Superplastic;Janky Ass Crypto Collection by Superplastic x Janky x Guggimon;pack;0xeb005502f6b731a5a9a5e8317dedae16a31c1456
ILLENIUM;Ashes 5 Year Anniversary Collection by Illenium;standard;0x814e0e378fff8ed861418f8f31c59dd740c8ce01
Flume x Jonathan Zawada;Tiddalik by Flume x Jonathan Zawada;standard;0x8143512918e962bd6c74c6db1235215e3f72ba43
Superplastic;Kranky : Clean AF Cutz Collection by Superplastic x Sket One;open_edition;0xe3d9a4a1a7c9799dd586121dde1515b1aa709dd1
Lucho Poletti;SUPER SATOSHI Open Editions by Lucho Poletti;open_edition;0xe8cbf740c00f0d4557a5d78729ca9164ec96845f
Lucho Poletti;SUPER SATOSHI Auctions by Lucho Poletti;standard;0x5b106bb16fcec7375b90f14b6bf45d3ed577a295
Nathan Riley;Isolation Reflections by Nathan Riley;open_edition;0xbb89a9ee61db459aa155faba9a6519c7ecbeb224
Calvin Harris;TECHNOFISH Open Editions by Calvin Harris x Emil Nava;open_edition;0xbe7e0d467d9e0235c8ac5a7d68e55e198ff2235b
billelis;IN MEMORIAM Limited Edition Drawings & Auction by billelis;standard;0x8c167a1dbf8e19d18705382d6a457491589f9598
billelis;IN MEMORIAM Reward by billelis;standard;0x091e8229ad9d1dabdd97eb57bc1f3b1a7140bdf4
Zedd;ANTIPODE Open Edition by Zedd x Silly Gabe;open_edition;0x0acaf1f58c207335c8d353cb4ab0862e568a272e
Six N. Five;The Revolt Open Edition by Six N. Five;open_edition;0xe1541d3259470c44b731c4032af43af60bf6513b
Klarens Malluta;DIGITAL RENAISSANCE Auctions by Klarens Malluta;standard;0x28295a70cf4bdcc33fe1ead71c541facb059d05f
rac;YOU by RAC x Andrés Reisinger;standard;0x07bca0695746b4644d674a7e2e5a816fada2fdfb
Tom Yoo;HODL ME Open Editions by Tom Yoo;open_edition;0x97a9912e60f405b0ab7c7092dac102cd6ffb4132
Jason Peterson;Blockandwhitechain by Jason Peterson;pack;0xa1e8eab8b2356d34361b118ce54695a795a5c676
Jason Peterson;End Titles by Jason Peterson;standard;0x57a2cec7f572fbd986e3b441eebf76d236ac8456
Forbes;Merchants of the Metaverse by Forbes;standard;0xf9b9caf8af7dca665b3b5856adf8ca59f03fec1e
Christopher Florentino;The Elephant In The Room Open Edition by Flore;open_edition;0x18ebb429a3a93e26e731bd2ae6b5902eb0a91f65
EKAITZA;Reflections by Ekaitza;standard;0x5a016e220c63f7403b232275b693904937fe63ea
Zedd;ANTIPODE// by Zedd x Fvckrender;standard;0x1da1d8af678d70b97aa827627bec102f4abc189c
Robert Jahns;DREAMING WITH OPEN EYES Auctions by Nois7;standard;0xd5f1f3136ac275f11d820df42cf0c2a092259915
Ferry Corsten;Oska and Ferry Corsten present: Évolution Open Editions;open_edition;0x1473558fe2e76ceef4560b114ffefd3d238b75e3
Esteban Diacono;Platonic Love by Esteban Diacono x Mike Shinoda;standard;0xdbdeb9f4192721e2eb5479c022e734f881392ab6
The Weeknd;Acephalous Open Editions by The Weeknd x Strangeloop Studios;open_edition;0x0c7d5d65024bf684bcd313e885a00b2057ba7918
San;San Holo x Vacades - guitar archive 1;pack;0xbf03e96cc4a9b7e89cee0c8606f339f0a293878f
Sam Feldt x Dzanar;Sam Feldt x Dzanar present The Heartfeldt Collection;standard;0xf96df9a52ac65fdd68994f459b03cb853afdf076
Jose Delbo;Satoshi The Creator – Genesis by Jose Delbo;open_edition;0x7dabe8354453da53cc79b5bc8b0cfa1066d43083
goldweard;Crystal Pops  - Down Under Edition Giveaway;standard;0x4d2eb190f2134c263ac4e7764682fd140025710b
Sam Feldt x Dzanar;Sam Feldt x Dzanar present The Heartfeldt Collection Open Editions;open_edition;0x5aa47dd79911ac0fd120119c7ca10719d00ad564
The Weeknd;Acephalous by The Weeknd x Strangeloop Studios;standard;0xafae97dc068735bf4592d1b8a731080cc0015691
Ron English;Ron English Essential NFT Collection;standard;0x7e9a1abacc225356d1e1d83c12a35f624fd3b7e5
Six N. Five;The Revolt by Six N. Five;standard;0xe2edc9af70169d39a2def95d428cedcaaf30851f
Galantis;Mare Vulpes Open Edition by Galantis x Mat Maitland;open_edition;0x698d1e2219ec8cbdb12bdcafbfa6aa6e41b1023e
Zedd;ANTIPODE// Open Edition by Zedd x Fvckrender;open_edition;0xc6c1ba87b62a6ef1ac734da67a1ae061a3f6943c
John Guydo;Select Illustrations by John Guydo;standard;0x78fcad8425ee130e7a7c45a26310bda69a4163fd
OG Esports;The River by OG Esports x Josh Pierce ;standard;0x53f46980c505c8288065bf98e2d99ff8ab8def7c
OG Esports;Elements by OG Esports x Josh Pierce ;standard;0xa46c778f9ac4de4bace2aaea9aff37fe8e94d34f
Jose Delbo;Satoshi The Creator – Genesis – Silent Auctions by Jose Delbo;standard;0xb350a803580665a8ed923e45f08ad217ffb055d8
Jose Delbo;Satoshi The Creator – Genesis - Packs by Jose Delbo;pack;0xeaed5122233fbec169d1669e53b3b4e090d9e029
David McLeod;Ghosts by David McLeod;open_edition;0xc46b564ad3ce7da1576a138491ca173c87db7659
Olive;Olive Allen's The Unbearables;pack;0x9f5b1fa6ec33513b8a9f22cea0acdc9c3b2835b2
GMUNK;Symbiocene Mythologica;open_edition;0x5788fd56b93adc3401b03b64c2021b49f721d744
Calvin Harris;TECHNOFISH by Calvin Harris x Emil Nava;standard;0x179c356a86067418a245a11d24f252e780f1939c
EKAITZA;Reflections Open Editions by Ekaitza;open_edition;0xfe4219de8fbc7fd550fe7d176fd66a6159d37864
GMUNK;InfraMunk vol1 by GMUNK;standard;0xe730a6624a7d74cf83242a1071dba016213e2c53
Gary Cartlidge.;Transgressio Portals Limited Edition Silent Auctions by Gary Cartlidge;standard;0xa90ddbc961ebd3927f0c22c388d3795c4ca9edd2
ILLENIUM;Ashes 5 Year Anniversary Collection // Open Editions by Illenium;open_edition;0xc9b64f38c2bc21a6062fb0211fae2ef7b39570ce
Disclosure;Many Faces by Disclosure & Friends;standard;0xa90dd3a62ab4e2ee3e9e2aa62bdbf2a3355b1bac
Gary Cartlidge.;Cyberpop Icons Open Editions by Gary Cartlidge;open_edition;0x8dd6e225440a8446aa1f417887c49a32a3fef700
rhymezlikedimez;Rari Robberz by rhymezlikedimez;standard;0xbd49ce45830d9c5aab53e132517626aa28a34482
GMUNK;InfraMunk vol1 by GMUNK;standard;0x5914e4a1a0a5fdc4d51dd231e3310829b9bb72dd
Anna Zhilyaeva;One Dimension Away Packs by Anna Zhilyaeva;pack;0x296d2a3bd34687e6803e8c4c8f593a629b19101b
Glass Crane;AEONIAN Open Editions by Glass Crane;open_edition;0x474acabfa16c5b2a55b51f3c2a406e28d1f31bf5
THANKYOUX;CONVERGENCE by ThankYouX;standard;0x566df416664841a4abf109c95c24d4161910e9c2
Anna Zhilyaeva;One Dimension Away Opens by Anna Zhilyaeva;open_edition;0x6656568f25372c476da00b456a6cd7bc9d2ba784
Klarens Malluta;DIGITAL RENAISSANCE Open Editions by Klarens Malluta;open_edition;0xa8e7da773649f6c2f7673391378d11df215392f9
Jason Ebeyer;Metamorphosis Open Editions by Jason Ebeyer;open_edition;0x1bde5de7611cc07f1bf57aaf095b88afe18d1b17
Twisted Vacancy;Twisted Vacancy Auction;standard;0x7feaedec70bbffbda72081999da45798930dd702
Spaced Painter;The Spaced Mythos Collection by Spaced Painter;open_edition;0x3fb52e5eb205ffa14a0190f77287f7fa2ec593df
Tom Yoo;HODL ME  by Tom Yoo;standard;0x417d37eb8df8c85f3e8ff6d2815e170767023851
Jason Ebeyer;Metamorphosis by Jason Ebeyer;standard;0x6303a52ddd38325f7f5eb953b40624172492e2ba
Momo Wang CryptoKitties;CryptoKitties Artist Series;already_existing_contract;0x06012c8cf97bead5deae237070f9587f8e7a266d
Anna Zhilyaeva;One Dimension Away by Anna Zhilyaeva;standard;0x36b95b4f2ab4873a0f8aa542858e750b9968ec6f
Alex Grey & Allyson Grey;Gems of Awareness Benefit for Entheon;standard;0xb66c7ca15af1f357c57294baf730abc77ff94940
goldweard;Crystal Pops  - Down Under Open Editions by Goldweard;open_edition;0x7041ca36bf39e9a17bcc62856b3395d270ba5fe4
Faile;Download Harder by FAILE;standard;0x5af389dc3218ddf4cfdd665c16f0d06084195180
goldweard;Crystal Pops - Down Under Edition by Goldweard;pack;0xf3515a07a16e4e3687d86871534e9aa8f6637bc6
Klarens Malluta;DIGITAL RENAISSANCE Packs by Klarens Malluta;pack;0x9d54836069ed7ef0fcafc085a8f3d1b6daab15b4
Klarens Malluta;Laser Vision by Klarens;standard;0x87d5a13fe0fa67475f2dd3a1c92e6309f277f063
Michael Kagan;CERNAN by Michael Kagan;open_edition;0x1e34466953d71f8f0e94263f21ab1cccb51646ca
Faile;Download Harder Open Editions by FAILE;open_edition;0xbfd1708302137109175907ba0bfba833c43c4c3f
Ferry Corsten;Oska and Ferry Corsten present: Évolution;standard;0xb351b265b5358a260300a82d0f7a4349211efee2
David OReilly X Flying Lotus;KALI YUGA by David OReilly x Flying Lotus;standard;0x9a101a06b10009913199b33487fb84ad8684a068
Michael Kagan;MICHAEL KAGAN X ANIMA Auction;standard;0x1f3e54262a3c3708ef6c0232634ba8f4df4d77f1
Glass Crane;AEONIAN Auctions by Glass Crane;standard;0x1764dbc7234c8cff363452959530f264922aab2b
Game Disease;Game Disease Open Editions by Frenetik Void x Milton Sanz x Oxeegeno;open_edition;0x1c903a2f35fb7c6dc1792daec11c033f8b222d5b
Futura 2000;Operation Bellevue Open Editions by Futura 2000 in collaboration with 13thWitness;open_edition;0xe71a543c5a01ddb9d85261fcc35749aee7f87f6e
Roger Kilimanjaro;Visions Open Edition by Roger Kilimanjaro;open_edition;0xd083616bd227ce44557e7929b494ab2ba48dd894
David Garibaldi ;Out of Mind by David Garibaldi;standard;0x11006fb0aa2a665a8f407f9c81bb89664650bdd5
KidSuper Studios™;The Ever-Changing World Of KidSuper;standard;0x04f20e4767ed1bf7cb3d08385b9bfe8bc0726c70
Flume x Jonathan Zawada;Tiddalik Open Edition by Flume x Jonathan Zawada;open_edition;0xb69416dab55430b29f34e0253ab39a6d21f5a88c
Arben;POWER by Arben Vllasaliu;standard;0x209205c815bd72ae5aac8a2217e87781ab9ac8ae
Alex Solis;Icons Unmasked Open Editions by Alex Solis;open_edition;0xce7fa25b6fe569c54b3e53c18ff13419f84061b6
GMUNK;InfraMunk Tempus by GMUNK;standard;0x9fcdd59cec1ea5b31c55a13eb0f8d2038eaac264
Steve Aoki;Dream Catcher Burn by Steve Aoki x Antoni Tudisco;standard;0xdfe96d66f1c37af9600e69314382b12a90953189
Sage Vaughn;SUPER BLOOM by Sage Vaughn;standard;0x80181f90f4fbd47c2f76ebc916bc392b31d70673
Future Art;Follow The White Rabbit presented by Future Art;standard;0x073f24c0762232811b65d559141cd0ac70b6c0b2
eduard_ov;Digital Soul by Eduard_ov;standard;0x18b94f860ca6c125d19e10c31b7e65c6ba681ec2
Stuart Lippincott;Temples Open Editions by Stuz0r;open_edition;0xd7d614021b6322499f78322fc190cf80e39e880b
CryptoCubes;CryptoCubes & Creators;standard;0x07972daf6fcfa46cdfdcdc89f5a3c237a5360f7e
Victor Mosquera;LOTUS by Victor Mosquera;standard;0xb3f51e0044c06a535ea110273ed53eb28d739256
Sage Vaughn;SUPER BLOOM Open Edition by Sage Vaughn;open_edition;0xac06c28d3abb39785aa7bca24fef502027510206
Pak;The Fungible by Pak;standard;0xc7cc3e8c6b69dc272ccf64cbff4b7503cbf7c1c5
Arben;POWER Open Edition by Vllasaliu ;open_edition;0x803689eb07ddbb28117ebb8c5499044719b08a34
x0r;For Those Who Know by x0r;standard;0x694c7a0c71514a3b32154787578ab46d7e45266b
David Garibaldi ;Out of Mind Open Editions by David Garibaldi;open_edition;0xe1e7507f154c7523b6b8bc4f140321b36c225c40
OG Slick;TALK TO THE HAND by OG Slick;standard;0x35152ccb8ffbcf5ad61c66d83381305b9afb2522
Future Art;Follow the White Rabbit Open Editions presented by Future Art;open_edition;0x0a2cf2181fe8e22bff44d22e4feb88c480775f10
Superplastic;Superplastic Redemptions;standard;0x6c5e43e8bd30ca8519b45d953e4560cae9313076
Paris Hilton;Planet Paris, the first ever collaboration between Blake Kathryn & Paris Hilton!;standard;0x22fb4e4f7fd19092eb3f2f33e14b528a94d0c408
Gareth Emery;LSR/CITY Drawings & Auctions by Gareth Emery;standard;0x3f3d4700bd8b93e059cfd2a13bf1e361394bb443
Smoke DZA;The Hustler's Catalog Open Edition by Smoke DZA;open_edition;0x0adbcce615ad8c523b2add18b061849caf9819e5
Brilly;Evolution by Brilly x Scott Storch;standard;0x0944d47a8bd9325b416cd79d5f2137f28bbe7763
Daniel Allen Cohen;Happy 420 - Drawings by Daniel Allen Cohen;standard;0x76998e1db15d6280114950a9d79b06b6475d38b4
Gareth Emery;LSR/CITY Open Editions by Gareth Emery;open_edition;0xfe93db83d34feaaa16e898cf70ad5cfffbdcb084
Pak;The Fungible Open Editions by Pak;open_edition;0xc0cf5b82ae2352303b2ea02c3be88e23f2594171
KidSuper Studios™;The Ever-Changing World Of KidSuper Open Edition;open_edition;0xcf5a5aafb9f0c849827e81754c041cb4eca04a9d
Superplastic;SUPER TRAGIC by Superplastic x Matt Gondek;standard;0xfdd1b65c81ae65e32ec4fe4e118081722cc69ef2
Alex Grey & Allyson Grey;Gems of Awareness Benefit for Entheon Redemptions by Alex and Allyson Grey;standard;0x2d00da182639adb2f1b57a999b2d10e727aac1d6
rek0de;ARKITEXTURES Open Edition by rek0de;open_edition;0xde57608b4a91dd7083abdcb1e239996b14b38055
Smoke DZA;The Hustler's Catalog by Smoke DZA;standard;0x7ce035d635f868108a70ca470b5148c9f5cd53c0
mbsjq;Over The Moon | Astro & The Universe Open Editions by mbsjq;open_edition;0x68c4dd3f302c449be39af528d56c6bd242b8cedb
Paris Hilton;Planet Paris Open Edition, the first ever collaboration between Blake Kathryn & Paris Hilton!;open_edition;0x5bcac8ff7ea6285b940b7eca06731402562084b1
Duke Dumont;Duke Dumont – DREAM LOGIC Open Editions with LOREM & MattAttack;open_edition;0x5c4e23869e82810eefc7c0beae5888decfa5f89d
Brilly;Evolution Open Editions by Brilly x Scott Storch;open_edition;0x18c1f7ab052b518b9656754570678adac90919f4
Filip Hodas;Cartoon Fossils Open Edition by Filip Hodas;open_edition;0x9d370cbba0005a2b9c2c7df7ab2f4bab4e3b8d46
Filip Hodas;Cartoon Fossils by Filip Hodas;standard;0x554356888c5e61e4197db1d508e1ff0a2938806a
ENCODE Graphics;GENESIS I Open Editions by ENCODE Graphics;open_edition;0xf6b7d7c5a7fd6b11f6b6616a3476f2b90ecb730f
Coldie;Julian Assange - Decentral Eyes by Coldie;standard;0xe750d24cb2feb19b0cd4af45427e6066a293d836
Justin Roiland;The Magic of Moving Images by Justin Roiland and Myke Chilian;standard;0xfd310f52d69600b5dd28506422448b6f47137ca6
Daniel Allen Cohen;Happy 420 - Open Editions by Daniel Allen Cohen;open_edition;0xcb2d89f4bab8b3f9966f2dc7c46538fb5724e063
Daniel Allen Cohen;Happy 420 - Auctions by Daniel Allen Cohen;standard;0x2521146131e15457b7fc3538f07ac3468fa1a6ac
Raúl Cordero;The Binnacle Nifties;standard;0x3aa2c783da6de789981f6fd0abf83c3e14e259b9
ZOMAX;Blitzbündel Open Editions by Zomax;open_edition;0xdcfe494b5c9a9502cd80ed73f7549dfc81a6db02
Aitor Throup;Anatomyland by Aitor Throup;standard;0x842280e97e06411ff08b75b65bfa96510b75ce83
OG Slick;TALK TO THE HAND Open Edition by OG Slick;open_edition;0xc9d7f4ee4b59ee24d16573887c813593fcc26020
The White Stripes x The Glitch Mob x Strangeloop Studios;The White Stripes x The Glitch Mob x Strangeloop Studios - Seven Nation Army Remix Collection;standard;0xce5e90533d9dbc30eac8a3610a681fc7aaa23193
Buff Monster;The Warrior's Day Off by Buff Monster;standard;0xf8e5af47ac829c9a213ae466c9244d2965abfb7c
Alotta Money;Ludicrous Face Lifting Exercises Open Editions by Alotta Money;open_edition;0x6c4ee3dfe7561d6492365e36bf00e81a706a0f77
ZOMAX;Blitzbündel by Zomax;standard;0x0ca333f8a35575246d810b0bec1bc6f71f1f0ed7
Filip Hodas;Homo Automatum by Filip Hodas;standard;0xddff07fcdc781d7e8cadaee30c4f16d335d69582
EAZY SLEAZY: MICK JAGGER X EXTRAWEG;EAZY SLEAZY: MICK JAGGER X EXTRAWEG;standard;0x300a94880cd340620a2cea724987a9b05fa4ea64
Frank Guzzone;No Pressure by Frank Guzzone;standard;0x4398b03f65d32505557d8719936d3a190c40df6c
eduard_ov;Digital Soul Open Editions by Eduard_ov;open_edition;0x1756788da43d1daff96b4941b999df0af0f66dad
Frank Guzzone;Pipe Dreams Open Editions by Frank Guzzone;open_edition;0x98b92fd220686297c0ecef7b63fefa9136542745
Robbie Trevino;Numinous: The Descent: Art by Robbie Trevino, Music by deadmau5;standard;0xc8a8bdb6c3796dbe2ce0964e24f4cbb71e427a77
3LAU;Glass by SSX3LAU;standard;0x1611064aa1e4406490fc09eb76bf801f5ee1079f
Robbie Trevino;Numinous: The Decent, Open Editions: Art by Robbie Trevino, Music by deadmau5;open_edition;0x536e5993c82e60837cb56d547c086e145f671f9a
Alotta Money;Ludicrous Face Lifting Exercises Drawing by Alotta Money;standard;0x2e5ef1495d9e7fb5142a48530a50ad4b3402ba49
Alex Manrique;No Justice No Peace by Alex Manrique;standard;0x5008d0e57722fd4cb705948a05ea6375a7a825af
mbsjq;Over The Moon | Astro & The Universe Auction by mbsjq;standard;0x3bd5041b7cfd93da5c691312733e033e3ba98bc5
Justin Roiland;The Magic of Moving Images Redemption by Justin Roiland and Myke Chilian;open_edition;0x968d66d21d89f4edb6ad8096577c14010bac4758
ENCODE Graphics;GENESIS I by ENCODE Graphics;standard;0x2dfdd6ebebaa9ea38f96f44d7cd2c860ed2700c7
MICAH DREW JOHNSON;Aku: Chapter II by Micah Johnson;open_edition;0x40964589c16aa1a4263517d88743e5ee550c4d0f
The White Stripes x The Glitch Mob x Strangeloop Studios;The White Stripes x The Glitch Mob x Strangeloop Studios - Seven Nation Army Remix Collection Open Editions;open_edition;0x16d889461eb1c08f7004be6a29280c5382634c9e
rek0de;ARKITEXTURES by rek0de;standard;0xd61c40df621949778f8ceb06b5692a6bfec8b565
Wax//Wane;Awakener by Wax//Wane x Nate Hill;standard;0x269c20502d0ed2b03f0e0d9a112539fe82394fac
THANKYOUX;Welcome to CONVERGENCE by ThankYouX;standard;0xdc89669bb478506078ea5c1644bbb09e072474e7
Fvckrender;PRESSURE STONE// by Fvckrender;standard;0x533e2363c2e92a5118e821274afca9c6e9779642
Tycho;TYCHO : ISO50 Collection 001 : Element Open Editions;open_edition;0x6efbf877c6303219815cbc2c7f06451ca8967a56
grant kwiecinski;SEROTONIN BOOST by GRiZ x Kitasavi;open_edition;0x503d57b6a0152c1af913938b43db6b43eb34ce60
Jose Delbo;Satoshi The Creator – The Hero We Deserve by Jose Delbo;open_edition;0xe5f9d7409f7515d5314864704bf92307d6ea82d6
Tycho;TYCHO : ISO50 Collection 001 : Element;standard;0x5959570f845b443619ae02e8d5c197645323c1f9
Vexx;DOODLES Vol. 1 Open Edition by Vexx;open_edition;0x19a42ebfcb0ab85cf19618eb42ed2b680d65c6c8
Vexx;DOODLES Vol. 1 by Vexx;standard;0x80f71a1f44222fe2926936bf27cfc20638467990
Justin Roiland;The Magic of Moving Images Open Edition by Justin Roiland and Myke Chilian;open_edition;0xc8fc8647d48485f0d628bc692d72c89ee7581468
THANKYOUX;Welcome to CONVERGENCE Open Editions by ThankYouX;open_edition;0x5f47ba722491f5775f7b47d1b8dc927ac7326c40
Duke Dumont;Duke Dumont – DREAM LOGIC with LOREM & MattAttack;standard;0x8f55deaad9f4ae34734e2dbc6b77ace6e564c3f7
Luigi Honorat;L'Envers Series IV by luigi honorat;standard;0x06babd3b1f04ddf29952e991c7dd42bf91d9837b
Marshall Mathers;SHADYCON by Eminem;standard;0x5f98b87fb68f7bb6f3a60bd6f0917723365444c1
Krewella;PERFECT MACHINE Open Edition by Krewella x Sasha Vinogradova;open_edition;0x8ebb16bf2f9160480232bcf1bfa1402b781e0bd4
A$AP ROCKY;ROCKY GATEWAY Open Edition by A$AP Rocky;open_edition;0x890c3b095fb0da2f610f4a3276db0a34591550a2
Metageist;The Hierophant by Metageist;standard;0x7196997c2073cc67b47fe91d0dfaa0a0ec88692a
Steve Aoki;Neon Future Packs by Steve Aoki x Maciej Kuciara;pack;0xd517f959f5c7adaf2e264f6969008d0a80751452
Reuben Wu;EX STASIS by Reuben Wu;standard;0x02e97aaec3551dcc925145ef9163a3fc0262cf83
Malavida;Onboarding — Heal The Deal Stage 2 Open Edition by Maalavidaa;open_edition;0x4b21cbe5b8f816e0784f21d974ca5f87befcc59d
lushsux;I have to return some videotapes  by Lushsux;standard;0xa53ceab15f40e83e8ab7608d42004daa9ecc4edd
Gab Bois;Drop 01 by Gab Bois;standard;0xe7e611ab34adcd4ac684ea920242d27ca6b9cbba
Gab Bois;Drop 01 Open Edition by Gab Bois;open_edition;0xe84298897e020c6e785039a3b2a18ee2172ad2e8
DAVI;Horizons by DAVI feat. Brian Armstrong;standard;0x1ba94ab7357d27a73b4c79f50a1964be8bbb00f1
Krewella;PERFECT MACHINE by Krewella x Sasha Vinogradova;standard;0x08d3885a851d94aaf38f2c26eedb22d6d385d0e6
Buff Monster;The Warrior's Day Off Open Editions by Buff Monster;open_edition;0x1a257a5b37ac944def62b28cc5ec6c437178178c
Wax//Wane;Awakener Open Editions by Wax//Wane x Nate Hill;open_edition;0xc5eb86e4551dcab092ced9e4ccbaee87316788a1
Malavida;Onboarding — Heal The Deal Stage 2 by Maalavidaa;standard;0xc116f58b8a312ce6b63cefc83ff3cf0569ef12bb
Calvin Harris;GROWTH by Calvin Harris x Emil Nava;standard;0xb48bfe9fc7cb9ffd63bfc3230002e82f871df447
Gary Cartlidge.;cyber 80wie Reward by Gary Cartlidge;standard;0x9d7c33a8a1811ff406b5d74aa3288effd1ce1cfb
lushsux;I have to return some videotapes by Lushsux;standard;0x71b7904b4f45ecb874a08823532deb7105469e6d
PR1MAL CYPHER;SATOSHI THE MYTH Part I by NFT ART COM;standard;0xfafd1e92fcddfdfa207682fe55637d9bfca1a9a6
Fvckrender;FV_ARIAX9// by Fvckrender;standard;0x3cfeabc52e9b88af956f418d8737072bc93dfc67
Steve Aoki;Neon Future by Steve Aoki x Maciej Kuciara;standard;0xe234fe15674d7e98313b2ed2c7bcf723540ab43c
Cash Cash;Say It Like You Feel It Open Editions by Cash Cash;open_edition;0x81884d2f0b809147974dbce676fcc4e650b5fffb
Marshall Mathers;SHADYCON: Open Editions by Eminem;open_edition;0x525ce0d953e9e29b9af0bb1c1a47ca100a387d93
Cash Cash;Say It Like You Feel It by Cash Cash;standard;0x8671811f9df34fcf846fa0f45a5e743c97ca44b0
3LAU;The Next Album by 3LAU;standard;0x5bf9f1285873331bb3f07d4bae663209c019841c
Marshall Mathers;SHADYCON: Marshall Masterpiece Card Pack by Eminem;pack;0xcfd19e4e8bfbee6c74d83e6755da14b910a12107
Steve Aoki;Neon Future Open Edition by Steve Aoki x Maciej Kuciara;open_edition;0x6495f0dad790b82331303838d1f11ba46057706d
Jose Delbo;Satoshi The Creator – The Hero We Deserve by Jose Delbo;open_edition;0xcdbdab0c510aa38dc46c06f94a1f4aabe73422de
Renderfruit;Post Physics Open Edition by Renderfruit x MEMBA;open_edition;0xec20d49889a01e678cf65095a76de1107b024e57
Robbie Tilton;Eternal Dreams by Robbie Tilton;pack;0xbc3d85bdb57a8ecb1ef79c40552ad04e7285026e
grant kwiecinski;SEROTONIN BOOST by GRiZ x Kitasavi;standard;0x652039c5222eb4f413644fd4cc7c11fc60502954
Steve Aoki;Neon Future Open Edition by Steve Aoki x Maciej Kuciara;open_edition;0x5a4414b6e4027f7eecee263d74c93c43e7d3cd1c
Wax//Wane;Awakener Reward by Wax//Wane x Nate Hill;standard;0x9605c56b9c0546fe65ce41ed05f6ac982ecbc3b5
Narra Gallery;The Narra Gallery Zodiac Series Auction;standard;0x811b45ea96d93e53004e00dc677ddd549d6e8070
Matt Gondek;Bitter Divisions Burn;standard;0x9496dcb714ef65b1a083ed9228b7904e421025ab
Lyle Owerko;“BBX Silver Edition” Pack Drawings by Lyle Owerko with music by Stargate;pack;0x39a32e38ed80caed489a4d9aa151b42ce30c7bd2
Paul Milinski;The Reverie Collection Pack Drawings by Paul Milinski;pack;0x6dfa30a66f40300a3f6ac083c47375d095bb0687
DJ Premier;Golden Era Future by DJ Premier x Animus;standard;0x808cc7d429f3d6b9720258d9baf63c5efb67b3e1
DJ Premier;Golden Era Future Open Editions by DJ Premier x Animus;open_edition;0xfbc1b9aa57bbaed1f6d2c3357df2ff9157da3f31
Trevor Andrew;ghost from the ashes (the burn) by Trevor Andrew;standard;0x8c1ba5b0d8e70044bcbf5564cf51c1167e1f06f0
Fvckrender;FV_ARIAX9// Open Edition by Fvckrender;open_edition;0xafb23292909eab27e983bfaf566d19c1101293d3
San;bb u ok? by San Holo x Thorwald van den Akker;open_edition;0x25c5a1eced0d6889cf245cfb657e72f50a1ebe32
PR1MAL CYPHER;SATOSHI THE MYTH Open Editions Part I by NFT ART COM;open_edition;0xdd97bf1283eda095536dbfd96454a9286ac7517a
Jonathan Wolfe;Growing Up Got Old by Jonathan Wolfe;standard;0x433827b98fe3533cab1e74ddb92f6f83f0d6c338
Renderfruit;Post Physics by Renderfruit x MEMBA;standard;0x31d13ee07de7c983b95352a387467ad37743715e
Nathaniel Parrott;Sentinel by Parrott_ism;standard;0x4600798069d27ca0786e7e1d6a2042287bec5892
Jonathan Wolfe;Growing Up Got Old Packs by Jonathan Wolfe;pack;0x7a786407b290b11aa0dad6cc7eef6f6724c83491
lushsux;Return Video Tapes Here by Lushsux;standard;0x22b50c03e0333deb07b996b42ed12d685182a5e8
Beeple;Beeple Spring Collection;standard;0xdd012153e008346591153fff28b0dd6724f0c256
Annibale Siconolfi;Utopia vs Dystopia : Different Visions of The Future, Open Editions by Annibale Siconolfi | Inward;open_edition;0x79f5a1b185586beb73184dfb2d6d836c9218376b
Gab Bois;Drop 01 Open Edition by Gab Bois;open_edition;0x2359da0695cccfd1a897386830fb7d77b644c4e5
Trevor Andrew;ghost from the ashes (the burn) gifts by Trevor Andrew;standard;0xab205a5bacf8944e44aa52de2c01e5eedab7c3db
Playboy;Liquid Summer: Playboy x Slimesunday;standard;0xfd7a881e94f157a1721938777644ea0f0d89b498
Lyle Owerko;“BBX Silver Edition” Open Editions by Lyle Owerko with music by Stargate;open_edition;0x1913c66a0efe95cb3110363fc62f4a1eb28de3c2
Minerva;Minerva Vol 1;standard;0xd9119ef8b0d75b5c6c12d25f2aafb2a680e7f210
Josh Pierce;BEYOND by Josh Pierce;standard;0x60e4a59770c9c7745f861fbdcbb996a0de581d12
Narra Gallery;The Narra Gallery Zodiac Series Pack Drawings;pack;0x5fa098f1551b33c2b391bceefa0cb3fa8b6be8d5
Annibale Siconolfi;Utopia vs Dystopia : Different Visions of The Future by Annibale Siconolfi | Inward;standard;0xc279ef035cba8002e1f51a67f922cbebedf605ca
Odious Villian Ungloved;Villain Ungloved Open Editions by Odious;open_edition;0xa383103f2e1b6f5c2bc2691ec92fc931446771e2
Odious Villian Ungloved;Villain Ungloved by Odious;standard;0x8b86b0259922507cf2bcb08a5e4c04c7e8d17508
goldweard;Crystal Orchestra by Goldweard x Logan Nelson;standard;0xcba6826016ab0fb9b90d6c9b564f42071b21d1df
Refik Anadol;Machine Hallucinations: Mars Landscapes by Refik Anadol;standard;0xe604d1bcd6ac7a03461e8e56500d60d476f1e569
Perry Cooper;Milk Monitor Open Editions by Perry Cooper;open_edition;0xb28c9a698d3c3d3f985f2b5ebbc269fb0f3b678d
Superplastic;Lil Shit by Superplastic x Matt Gondek;standard;0xf6833a4e3fcb46f00cff73ead1b43749cb36f748
Aitor Throup;Anatomyland Open Editions by Aitor Throup;open_edition;0x001b4b85192aa034bff1524f181e3a7060e0dc30
NessGraphics;N3URAL1NK by NessGraphics;standard;0xdad9dc2d497fbf0d27837700c0a7ba6b8c8f2b30
Paul Milinski;The Reverie Collection Open Editions by Paul Milinski;open_edition;0x73404ff673916ead05afd833bcd9b791d2fa7f65
TheArchetype;The Archetype by Wax//Wane;standard;0x9c23870b11929893eba90bea25f4e631b61cb3ca
Dillon Francis;DEFI Summer Open Editions by Chad Knight x Dillon Francis;open_edition;0xb5110c091579a853b7341a8864b2a45dcd41f03d
Lyle Owerko;“BBX Silver Edition” Auctions by Lyle Owerko with music by Stargate;standard;0x1b4dc51d2712d175d538aa03500593b0ccc07fcc
Dillon Francis;DEFI Summer by Chad Knight x Dillon Francis;standard;0x339fc71aed8d463427ccfb20cfbfd88eac17465c
NessGraphics;N3URAL1NK Ticket Holders by NessGraphics;standard;0xb738c7134da2a0b485a74e890ca0110e2fcce18a
Paul Milinski;The Reverie Collection Silent Auctions by Paul Milinski;standard;0xf2f0916d48dec94cb95ade35e6a00a75c138201d
Zigor Samaniego;Colección Amigos by Zigor;standard;0x47883e8eee2ee933cb21745f8e3c649fc955b5a8
Tove Lo;CRYPTO TITS Open Edition by Tove Lo x Blake Kathryn;open_edition;0x06e1ac59a60d687a2cc0f5ecb5a72ae199991c8d
Hackatao;H/ID/DEN Drawing by Hackatao + Skygolpe;standard;0xccd57c752f400941c5661fed7ecdc155e789e3b2
skygolpe;H/ID/DEN Drawings by Skygolpe + Hackatao;standard;0x5f6da9b457f4b52546b9f31698987af2a3274c8c
skygolpe;H/ID/DEN Open Edition by Skygolpe + Hackatao;open_edition;0xa4cb5d1ca70d4635dcf559ba5a4031674b7de82e
Tove Lo;CRYPTO TITS by Tove Lo x Blake Kathryn;standard;0x86b3448919dcb802c96759f85b532dfe34990e64
Hackatao;/Un/covered - Hypno by Hackatao;open_edition;0x079d9e54e6ac1912e13eb894d6f29ad2edcf0e59
Hackatao;H/ID/DEN Auction by Hackatao + Skygolpe;standard;0xd200e7059b124166d4e7b60eea4fcd8e244b517c
Perry Cooper;Milk Monitor by Perry Cooper;standard;0x5ef566e8d909ce82f583e0b4429402bf97819cbb
