LED_stripszknyV.zip;https://dl.lstar.lt/for_site/Lightstar/Tochka_lampy/LED_strips/Led_strips_12V_instr.zip
LED_stripsVCNcJ.jpg;https://dl.lstar.lt/for_site/Lightstar/Tochka_lampy/LED_strips/402032_2500.jpg
LED_stripsYv92c.jpg;https://dl.lstar.lt/for_site/Lightstar/Tochka_lampy/LED_strips/402002_2500.jpg
LED_stripsavAtc.jpg;https://dl.lstar.lt/for_site/Lightstar/Tochka_lampy/LED_strips/402004_2500.jpg
LED_stripshVTEy.zip;https://dl.lstar.lt/for_site/Lightstar/Tochka_lampy/LED_strips/Led_strips_12V_instr.zip
LED_stripsTCcNQ.zip;https://dl.lstar.lt/for_site/Lightstar/Tochka_lampy/LED_strips/Led_strips_12V_instr.zip
LED_stripsAhHlZ.zip;https://dl.lstar.lt/for_site/Lightstar/Tochka_lampy/LED_strips/Led_strips_12V_instr.zip
LED_stripsaMKrV.jpg;https://dl.lstar.lt/for_site/Lightstar/Tochka_lampy/LED_strips/408080_2500.jpg
LED_strips1xIWO.zip;https://dl.lstar.lt/for_site/Lightstar/Tochka_lampy/LED_strips/Led_strips_12V_instr.zip
LED_stripsRR4in.zip;https://dl.lstar.lt/for_site/Lightstar/Tochka_lampy/LED_strips/Led_strips_12V_instr.zip
LED_stripsRIsLS.jpg;https://dl.lstar.lt/for_site/Lightstar/Tochka_lampy/LED_strips/408081_2500.jpg
LED_strips2YDdr.zip;https://dl.lstar.lt/for_site/Lightstar/Tochka_lampy/LED_strips/Led_strips_12V_instr.zip
LED_stripsrtJqv.zip;https://dl.lstar.lt/for_site/Lightstar/Tochka_lampy/LED_strips/Led_strips_12V_instr.zip
LED_stripsCgaXv.jpg;https://dl.lstar.lt/for_site/Lightstar/Tochka_lampy/LED_strips/402034_2500.jpg
LED_stripsRWWM2.zip;https://dl.lstar.lt/for_site/Lightstar/Tochka_lampy/LED_strips/Led_strips_12V_instr.zip
LED_stripsOiX4c.jpg;https://dl.lstar.lt/for_site/Lightstar/Tochka_lampy/LED_strips/408111_2500.jpg
LED_stripsAllS1.jpg;https://dl.lstar.lt/for_site/Lightstar/Tochka_lampy/LED_strips/408110-1_2500.jpg
LED_stripsj1DD5.jpg;https://dl.lstar.lt/for_site/Lightstar/Tochka_lampy/LED_strips/408909_2500.jpg
LED_stripsQgoUz.png;https://dl.lstar.lt/for_site/Lightstar/Tochka_lampy/LED_strips/409122.png
LED_stripsGe1qg.png;https://dl.lstar.lt/for_site/Lightstar/Tochka_lampy/LED_strips/409112.png
LED_stripsXuSZl.jpg;https://dl.lstar.lt/for_site/Lightstar/Tochka_lampy/LED_strips/408901_2500.jpg
LED_strips5MXFl.jpg;https://dl.lstar.lt/for_site/Lightstar/Tochka_lampy/LED_strips/408101_2500.jpg
LED_stripslvgq4.jpg;https://dl.lstar.lt/for_site/Lightstar/Tochka_lampy/LED_strips/408900_2500.jpg
LED_stripsoeDLY.jpg;https://dl.lstar.lt/for_site/Lightstar/Tochka_lampy/LED_strips/408902_2500.jpg
LED_strips6VlLR.jpg;https://dl.lstar.lt/for_site/Lightstar/Tochka_lampy/LED_strips/408906_2500.jpg
LED_stripsg6mNu.png;https://dl.lstar.lt/for_site/Lightstar/Tochka_lampy/LED_strips/409022.png
LED_stripsfbx7e.png;https://dl.lstar.lt/for_site/Lightstar/Tochka_lampy/LED_strips/409024.png
LED_stripsPQgVs.png;https://dl.lstar.lt/for_site/Lightstar/Tochka_lampy/LED_strips/409114.png
LED_stripsZsXzD.png;https://dl.lstar.lt/for_site/Lightstar/Tochka_lampy/LED_strips/409124.png
LED_stripsEqFY2.jpg;https://dl.lstar.lt/for_site/Lightstar/Tochka_lampy/LED_strips/408100_2500.jpg
LED_stripsUC8ow.jpg;https://dl.lstar.lt/for_site/Lightstar/Tochka_lampy/LED_strips/410060_2500.jpg
LED_stripsX8j8Z.jpg;https://dl.lstar.lt/for_site/Lightstar/Tochka_lampy/LED_strips/410806_2500.jpg
LED_strips5TKPs.jpg;https://dl.lstar.lt/for_site/Lightstar/Tochka_lampy/LED_strips/410984_2500.jpg
LED_stripsQI4Cf.jpg;https://dl.lstar.lt/for_site/Lightstar/Tochka_lampy/LED_strips/410954_2500.jpg
LED_stripsL9kFP.jpg;https://dl.lstar.lt/for_site/Lightstar/Tochka_lampy/LED_strips/410100_2500.jpg
LED_stripsYKpA6.png;https://dl.lstar.lt/for_site/Lightstar/Tochka_lampy/LED_strips/409629.png
LED_stripsQssen.jpg;https://dl.lstar.lt/for_site/Lightstar/Tochka_lampy/LED_strips/410025_2500.jpg
LED_stripsuejer.jpg;https://dl.lstar.lt/for_site/Lightstar/Tochka_lampy/LED_strips/410400_2500.jpg
LED_stripsp3GEc.jpg;https://dl.lstar.lt/for_site/Lightstar/Tochka_lampy/LED_strips/410200_2500.jpg
LED_stripscugpt.png;https://dl.lstar.lt/for_site/Lightstar/Tochka_lampy/LED_strips/409529.png
LED_stripshvWjk.jpg;https://dl.lstar.lt/for_site/Lightstar/Tochka_lampy/LED_strips/410150_2500.jpg
LED_stripsyzAl3.jpg;https://dl.lstar.lt/for_site/Lightstar/Tochka_lampy/LED_strips/410360_2500.jpg
LED_stripsY68pj.jpg;https://dl.lstar.lt/for_site/Lightstar/Tochka_lampy/LED_strips/410704_2500.jpg
LED_strips5CjVg.jpg;https://dl.lstar.lt/for_site/Lightstar/Tochka_lampy/LED_strips/410904+pult_2500.jpg
LED_stripsDmx7U.png;https://dl.lstar.lt/for_site/Lightstar/Tochka_lampy/LED_strips/409429.png
721063cIc42.png;https://dl.lstar.lt/for_site/Osgona/Acesso/721063/721063.png
753084D41tC.png;https://dl.lstar.lt/for_site/Lightstar/Bolshoy_katalog/Acquario/753084/753084.png
776624hQOFk.png;https://dl.lstar.lt/for_site/Osgona/Accia/776624/776624.png
721083lOBFd.png;https://dl.lstar.lt/for_site/Osgona/Acesso/721083/721083.png
21201Xw4AKp.png;https://dl.lstar.lt/for_site/Lightstar/Tochka_lampy/Acri/21201X/212010.png
721623zxjFE.png;https://dl.lstar.lt/for_site/Osgona/Acesso/721623/721623.png
752634xunB7.png;https://dl.lstar.lt/for_site/Lightstar/Bolshoy_katalog/Acquario/752634/752634.png
752084_nhxum.png;https://dl.lstar.lt/for_site/Lightstar/Bolshoy_katalog/Acquario/752084_/752084.png
753634YY1V9.png;https://dl.lstar.lt/for_site/Lightstar/Bolshoy_katalog/Acquario/753634/753634.png
752010zTgmm.png;https://dl.lstar.lt/for_site/Lightstar/Bolshoy_katalog/Acquario/752010/752010.png
LED_bulbsdal5E.png;https://dl.lstar.lt/for_site/Lightstar/Tochka_lampy/LED_bulbs/94029x.png
21203Xc6PTG.png;https://dl.lstar.lt/for_site/Lightstar/Tochka_lampy/Acri/21203X/212030.png
AcriE5275.png;https://dl.lstar.lt/for_site/Lightstar/Tochka_lampy/Acri/212011_31.png
AcrikycDF.png;https://dl.lstar.lt/for_site/Lightstar/Tochka_lampy/Acri/212012_32.png
LED_bulbsBoBmE.png;https://dl.lstar.lt/for_site/Lightstar/Tochka_lampy/LED_bulbs/94029x.png
21202XlaKu7.png;https://dl.lstar.lt/for_site/Lightstar/Tochka_lampy/Acri/21202X/212020.png
21201XiwTvz.png;https://dl.lstar.lt/for_site/Lightstar/Tochka_lampy/Acri/21201X/212010.png
76107XLVzQv.png;https://dl.lstar.lt/for_site/Lightstar/Bolshoy_katalog/Acrobata/76107X/761073.png
76107XjCRR2.png;https://dl.lstar.lt/for_site/Lightstar/Bolshoy_katalog/Acrobata/76107X/761078.png
76105XJKPph.png;https://dl.lstar.lt/for_site/Lightstar/Bolshoy_katalog/Acrobata/76105X/761053.png
76107XUed7g.png;https://dl.lstar.lt/for_site/Lightstar/Bolshoy_katalog/Acrobata/76107X/761076.png
AcriVA8CR.png;https://dl.lstar.lt/for_site/Lightstar/Tochka_lampy/Acri/212011_31.png
AcriYLuQE.png;https://dl.lstar.lt/for_site/Lightstar/Tochka_lampy/Acri/212012_32.png
AcritsXwX.png;https://dl.lstar.lt/for_site/Lightstar/Tochka_lampy/Acri/212011_31.png
AcriKmcbM.png;https://dl.lstar.lt/for_site/Lightstar/Tochka_lampy/Acri/212021_41.png
AcrioRryU.png;https://dl.lstar.lt/for_site/Lightstar/Tochka_lampy/Acri/212022_42.png
76116XJJm3o.png;https://dl.lstar.lt/for_site/Lightstar/Bolshoy_katalog/Acrobata/76116X/761160.png
76106Xuitae.png;https://dl.lstar.lt/for_site/Lightstar/Bolshoy_katalog/Acrobata/76106X/761067.png
76106X2qlqk.png;https://dl.lstar.lt/for_site/Lightstar/Bolshoy_katalog/Acrobata/76106X/761060.png
21203XTiOL7.png;https://dl.lstar.lt/for_site/Lightstar/Tochka_lampy/Acri/21203X/212030.png
