['Главная', 'Светотехника', 'Лента светодиодная на 12В, профиль, трансформаторы и аксессуары', 'Лента белого свечения  400004'];['Пылевлагозащита, IPIP20', 'Масса, кг0,007', 'Количество в упаковке200', 'Артикул400004', 'Зона размещенияЖилая / Общественная', 'Пылевлагозащита, IPIP20', 'Тип светодиодовОдноцветный', 'Цветовая темп., К4200 / 4500', 'Световой поток, лм (для лент Лм/м)210', 'Кол-во LED на метр60', 'Кратность отреза, мм50', 'Мощность ленты на один метр, Вт/м4,8', 'Масса, кг0,007', 'Длина (Глубина), мм200000', 'Ширина, мм8', 'Напряжение питания ламп, В12'];https://lightstar.ru/kupit-lustry-svetilniki-optom/lenta-svetodiodnaya-12-v/400004;https://dl.lstar.lt/for_site/Lightstar/Tochka_lampy/LED_strips/Led_strips_12V_instr.zip
['Главная', 'Светотехника', 'Лента светодиодная на 220В и аксессуары', 'Лента белого свечения  402032'];['Пылевлагозащита, IPIP65', 'Масса, кг0,78', 'Количество в упаковке100', 'Артикул402032', 'Зона размещенияЖилая / Общественная', 'Пылевлагозащита, IPIP65', 'Тип светодиодовОдноцветный', 'Цветовая темп., К2800 / 3200', 'Световой поток, лм (для лент Лм/м)1320', 'Световой поток на один LED12', 'Кол-во LED на метр120', 'Кратность отреза, мм1000', 'Масса, кг0,78', 'Длина (Глубина), мм100000', 'Ширина, мм10', 'Напряжение питания ламп, В220'];https://lightstar.ru/kupit-lustry-svetilniki-optom/lenta-svetodiodnaya-220-v/402032;https://dl.lstar.lt/for_site/Lightstar/Tochka_lampy/LED_strips/402032_2500.jpg
['Главная', 'Светотехника', 'Лента светодиодная на 220В и аксессуары', 'Лента белого свечения  402002'];['Пылевлагозащита, IPIP65', 'Масса, кг0,09', 'Количество в упаковке100', 'Артикул402002', 'Зона размещенияЖилая / Общественная', 'Пылевлагозащита, IPIP65', 'Тип светодиодовОдноцветный', 'Цветовая темп., К2800 / 3200', 'Световой поток, лм (для лент Лм/м)210', 'Световой поток на один LED4', 'Кол-во LED на метр60', 'Кратность отреза, мм1000', 'Масса, кг0,09', 'Длина (Глубина), мм100000', 'Ширина, мм10', 'Напряжение питания ламп, В220'];https://lightstar.ru/kupit-lustry-svetilniki-optom/lenta-svetodiodnaya-220-v/402002;https://dl.lstar.lt/for_site/Lightstar/Tochka_lampy/LED_strips/402002_2500.jpg
['Главная', 'Светотехника', 'Лента светодиодная на 220В и аксессуары', 'Лента белого свечения  402004'];['Пылевлагозащита, IPIP65', 'Масса, кг0,09', 'Количество в упаковке100', 'Артикул402004', 'Зона размещенияЖилая / Общественная', 'Пылевлагозащита, IPIP65', 'Тип светодиодовОдноцветный', 'Цветовая темп., К4200 / 4500', 'Световой поток, лм (для лент Лм/м)210', 'Световой поток на один LED4', 'Кол-во LED на метр60', 'Кратность отреза, мм1000', 'Масса, кг0,09', 'Длина (Глубина), мм100000', 'Ширина, мм10', 'Напряжение питания ламп, В220'];https://lightstar.ru/kupit-lustry-svetilniki-optom/lenta-svetodiodnaya-220-v/402004;https://dl.lstar.lt/for_site/Lightstar/Tochka_lampy/LED_strips/402004_2500.jpg
['Главная', 'Светотехника', 'Лента светодиодная на 12В, профиль, трансформаторы и аксессуары', 'Лента белого свечения  400052'];['Пылевлагозащита, IPIP20', 'Масса, кг0,014', 'Количество в упаковке200', 'Артикул400052', 'Зона размещенияЖилая / Общественная', 'Пылевлагозащита, IPIP20', 'Тип светодиодовОдноцветный', 'Цветовая темп., К2700 / 3000', 'Световой поток, лм (для лент Лм/м)660', 'Кол-во LED на метр60', 'Кратность отреза, мм50', 'Мощность ленты на один метр, Вт/м14,4', 'Масса, кг0,014', 'Длина (Глубина), мм200000', 'Ширина, мм10', 'Напряжение питания ламп, В12'];https://lightstar.ru/kupit-lustry-svetilniki-optom/lenta-svetodiodnaya-12-v/400052;https://dl.lstar.lt/for_site/Lightstar/Tochka_lampy/LED_strips/Led_strips_12V_instr.zip
['Главная', 'Светотехника', 'Лента светодиодная на 12В, профиль, трансформаторы и аксессуары', 'Лента белого свечения  400054'];['Пылевлагозащита, IPIP20', 'Масса, кг0,014', 'Количество в упаковке200', 'Артикул400054', 'Зона размещенияЖилая / Общественная', 'Пылевлагозащита, IPIP20', 'Тип светодиодовОдноцветный', 'Цветовая темп., К4200 / 4500', 'Световой поток, лм (для лент Лм/м)660', 'Кол-во LED на метр60', 'Кратность отреза, мм50', 'Мощность ленты на один метр, Вт/м14,4', 'Масса, кг0,014', 'Длина (Глубина), мм200000', 'Ширина, мм10', 'Напряжение питания ламп, В12'];https://lightstar.ru/kupit-lustry-svetilniki-optom/lenta-svetodiodnaya-12-v/400054;https://dl.lstar.lt/for_site/Lightstar/Tochka_lampy/LED_strips/Led_strips_12V_instr.zip
['Главная', 'Светотехника', 'Лента светодиодная на 12В, профиль, трансформаторы и аксессуары', 'Лента белого свечения  400012'];['Пылевлагозащита, IPIP20', 'Масса, кг0,015', 'Количество в упаковке200', 'Артикул400012', 'Зона размещенияЖилая / Общественная', 'Пылевлагозащита, IPIP20', 'Тип светодиодовОдноцветный', 'Цветовая темп., К2700 / 3000', 'Световой поток, лм (для лент Лм/м)420', 'Кол-во LED на метр120', 'Кратность отреза, мм50', 'Мощность ленты на один метр, Вт/м9,6', 'Масса, кг0,015', 'Длина (Глубина), мм100000', 'Ширина, мм8', 'Напряжение питания ламп, В12'];https://lightstar.ru/kupit-lustry-svetilniki-optom/lenta-svetodiodnaya-12-v/400012;https://dl.lstar.lt/for_site/Lightstar/Tochka_lampy/LED_strips/Led_strips_12V_instr.zip
['Главная', 'Светотехника', 'Лента светодиодная на 12В, профиль, трансформаторы и аксессуары', 'Жесткий соединитель для ленты  408080'];['Масса, кг0,001', 'Количество в упаковке100', 'Артикул408080', 'Зона размещенияЖилая / Общественная', 'Масса, кг0,001'];https://lightstar.ru/kupit-lustry-svetilniki-optom/lenta-svetodiodnaya-12-v/408080;https://dl.lstar.lt/for_site/Lightstar/Tochka_lampy/LED_strips/408080_2500.jpg
['Главная', 'Светотехника', 'Лента светодиодная на 12В, профиль, трансформаторы и аксессуары', 'Лента белого свечения  400014'];['Пылевлагозащита, IPIP20', 'Масса, кг0,015', 'Количество в упаковке200', 'Артикул400014', 'Зона размещенияЖилая / Общественная', 'Пылевлагозащита, IPIP20', 'Тип светодиодовОдноцветный', 'Цветовая темп., К4200 / 4500', 'Световой поток, лм (для лент Лм/м)420', 'Кол-во LED на метр120', 'Кратность отреза, мм50', 'Мощность ленты на один метр, Вт/м9,6', 'Масса, кг0,015', 'Длина (Глубина), мм100000', 'Ширина, мм8', 'Напряжение питания ламп, В12'];https://lightstar.ru/kupit-lustry-svetilniki-optom/lenta-svetodiodnaya-12-v/400014;https://dl.lstar.lt/for_site/Lightstar/Tochka_lampy/LED_strips/Led_strips_12V_instr.zip
['Главная', 'Светотехника', 'Лента светодиодная на 12В, профиль, трансформаторы и аксессуары', 'Лента цветного свечения  400050'];['Пылевлагозащита, IPIP20', 'Масса, кг0,014', 'Количество в упаковке200', 'Артикул400050', 'Зона размещенияЖилая / Общественная', 'Пылевлагозащита, IPIP20', 'Тип светодиодовRGB', 'Световой поток, лм (для лент Лм/м)660', 'Кол-во LED на метр60', 'Кратность отреза, мм50', 'Мощность ленты на один метр, Вт/м14,4', 'Масса, кг0,014', 'Длина (Глубина), мм200000', 'Ширина, мм10', 'Напряжение питания ламп, В12'];https://lightstar.ru/kupit-lustry-svetilniki-optom/lenta-svetodiodnaya-12-v/400050;https://dl.lstar.lt/for_site/Lightstar/Tochka_lampy/LED_strips/Led_strips_12V_instr.zip
['Главная', 'Светотехника', 'Лента светодиодная на 12В, профиль, трансформаторы и аксессуары', 'Гибкий соединитель / кабель питания  408081'];['Масса, кг0,003', 'Количество в упаковке100', 'Артикул408081', 'Зона размещенияЖилая / Общественная', 'Масса, кг0,003'];https://lightstar.ru/kupit-lustry-svetilniki-optom/lenta-svetodiodnaya-12-v/408081;https://dl.lstar.lt/for_site/Lightstar/Tochka_lampy/LED_strips/408081_2500.jpg
['Главная', 'Светотехника', 'Лента светодиодная на 12В, профиль, трансформаторы и аксессуары', 'Лента белого свечения  400072'];['Пылевлагозащита, IPIP20', 'Масса, кг0,012', 'Количество в упаковке200', 'Артикул400072', 'Зона размещенияЖилая / Общественная', 'Пылевлагозащита, IPIP20', 'Тип светодиодовОдноцветный', 'Цветовая темп., К2700 / 3000', 'Световой поток, лм (для лент Лм/м)2550', 'Кол-во LED на метр60', 'Кратность отреза, мм50', 'Мощность ленты на один метр, Вт/м28,8', 'Масса, кг0,012', 'Длина (Глубина), мм200000', 'Ширина, мм10', 'Напряжение питания ламп, В12'];https://lightstar.ru/kupit-lustry-svetilniki-optom/lenta-svetodiodnaya-12-v/400072;https://dl.lstar.lt/for_site/Lightstar/Tochka_lampy/LED_strips/Led_strips_12V_instr.zip
['Главная', 'Светотехника', 'Лента светодиодная на 12В, профиль, трансформаторы и аксессуары', 'Лента белого свечения  400076'];['Пылевлагозащита, IPIP20', 'Масса, кг2,7', 'Количество в упаковке200', 'Артикул400076', 'Зона размещенияЖилая / Общественная', 'Пылевлагозащита, IPIP20', 'Тип светодиодовОдноцветный', 'Цветовая темп., К4000', 'Световой поток, лм (для лент Лм/м)2550', 'Кол-во LED на метр60', 'Кратность отреза, мм50', 'Мощность ленты на один метр, Вт/м28,8', 'Масса, кг2,7', 'Длина (Глубина), мм200000', 'Ширина, мм10', 'Напряжение питания ламп, В12'];https://lightstar.ru/kupit-lustry-svetilniki-optom/lenta-svetodiodnaya-12-v/400076;https://dl.lstar.lt/for_site/Lightstar/Tochka_lampy/LED_strips/Led_strips_12V_instr.zip
['Главная', 'Светотехника', 'Лента светодиодная на 220В и аксессуары', 'Лента белого свечения  402034'];['Пылевлагозащита, IPIP65', 'Масса, кг0,78', 'Количество в упаковке100', 'Артикул402034', 'Зона размещенияЖилая / Общественная', 'Пылевлагозащита, IPIP65', 'Тип светодиодовОдноцветный', 'Цветовая темп., К4200 / 4500', 'Световой поток, лм (для лент Лм/м)1320', 'Световой поток на один LED12', 'Кол-во LED на метр120', 'Кратность отреза, мм1000', 'Масса, кг0,78', 'Длина (Глубина), мм100000', 'Ширина, мм10', 'Напряжение питания ламп, В220'];https://lightstar.ru/kupit-lustry-svetilniki-optom/lenta-svetodiodnaya-220-v/402034;https://dl.lstar.lt/for_site/Lightstar/Tochka_lampy/LED_strips/402034_2500.jpg
['Главная', 'Светотехника', 'Лента светодиодная на 12В, профиль, трансформаторы и аксессуары', 'Лента белого свечения  400002'];['Пылевлагозащита, IPIP20', 'Масса, кг0,007', 'Количество в упаковке200', 'Артикул400002', 'Зона размещенияЖилая / Общественная', 'Пылевлагозащита, IPIP20', 'Тип светодиодовОдноцветный', 'Цветовая темп., К2700 / 3000', 'Световой поток, лм (для лент Лм/м)210', 'Кол-во LED на метр60', 'Кратность отреза, мм50', 'Мощность ленты на один метр, Вт/м4,8', 'Масса, кг0,007', 'Длина (Глубина), мм200000', 'Ширина, мм8', 'Напряжение питания ламп, В12'];https://lightstar.ru/kupit-lustry-svetilniki-optom/lenta-svetodiodnaya-12-v/400002;https://dl.lstar.lt/for_site/Lightstar/Tochka_lampy/LED_strips/Led_strips_12V_instr.zip
['Главная', 'Светотехника', 'Лента светодиодная на 12В, профиль, трансформаторы и аксессуары', 'Гибкий соединитель / кабель питания  408111'];['Масса, кг0,005', 'Количество в упаковке100', 'Артикул408111', 'Зона размещенияЖилая / Общественная', 'Масса, кг0,005'];https://lightstar.ru/kupit-lustry-svetilniki-optom/lenta-svetodiodnaya-12-v/408111;https://dl.lstar.lt/for_site/Lightstar/Tochka_lampy/LED_strips/408111_2500.jpg
['Главная', 'Светотехника', 'Лента светодиодная на 12В, профиль, трансформаторы и аксессуары', 'Соединитель жесткий для ленты  408110-1'];['Масса, кг0,001', 'Количество в упаковке100', 'Артикул408110-1', 'Зона размещенияЖилая / Общественная / Улица', 'Масса, кг0,001'];https://lightstar.ru/kupit-lustry-svetilniki-optom/lenta-svetodiodnaya-12-v/408110-1;https://dl.lstar.lt/for_site/Lightstar/Tochka_lampy/LED_strips/408110-1_2500.jpg
['Главная', 'Светотехника', 'Лента светодиодная на 220В и аксессуары', 'Изолирующая заглушка  408909'];['Масса, кг0,02', 'Количество в упаковке100', 'Артикул408909', 'Зона размещенияЖилая / Общественная', 'Масса, кг0,02'];https://lightstar.ru/kupit-lustry-svetilniki-optom/lenta-svetodiodnaya-220-v/408909;https://dl.lstar.lt/for_site/Lightstar/Tochka_lampy/LED_strips/408909_2500.jpg
['Главная', 'Светотехника', 'Лента светодиодная на 12В, профиль, трансформаторы и аксессуары', 'Светодиодная лента в PVC профиле с прямоугольным рассеивателем  409122'];['Пылевлагозащита, IPIP20', 'Высота, мм11', 'Масса, кг0,082', 'Количество в упаковке100', 'Артикул409122', 'Зона размещенияЖилая / Общественная', 'Пылевлагозащита, IPIP20', 'Тип светодиодовОдноцветный', 'Цветовая темп., К3000', 'Кол-во LED на метр240', 'Мощность ленты на один метр, Вт/м19,2', 'Масса, кг0,082', 'Длина (Глубина), мм2000', 'Высота, мм11', 'Ширина, мм11', 'Материал арматурыПластик', 'Напряжение питания ламп, В12'];https://lightstar.ru/kupit-lustry-svetilniki-optom/lenta-svetodiodnaya-12-v/409122;https://dl.lstar.lt/for_site/Lightstar/Tochka_lampy/LED_strips/409122.png
['Главная', 'Светотехника', 'Лента светодиодная на 12В, профиль, трансформаторы и аксессуары', 'Светодиодная лента в PVC профиле с прямоугольным рассеивателем  409112'];['Пылевлагозащита, IPIP20', 'Высота, мм14', 'Масса, кг0,046', 'Количество в упаковке100', 'Артикул409112', 'Зона размещенияЖилая / Общественная', 'Пылевлагозащита, IPIP20', 'Тип светодиодовОдноцветный', 'Цветовая темп., К3000', 'Кол-во LED на метр120', 'Мощность ленты на один метр, Вт/м9,6', 'Масса, кг0,046', 'Длина (Глубина), мм1020', 'Высота, мм14', 'Ширина, мм13', 'Материал арматурыПластик', 'Напряжение питания ламп, В12'];https://lightstar.ru/kupit-lustry-svetilniki-optom/lenta-svetodiodnaya-12-v/409112;https://dl.lstar.lt/for_site/Lightstar/Tochka_lampy/LED_strips/409112.png
['Главная', 'Светотехника', 'Лента светодиодная на 220В и аксессуары', 'Соединитель для ленты  408901'];['Масса, кг0,003', 'Количество в упаковке100', 'Артикул408901', 'Зона размещенияЖилая / Общественная', 'Масса, кг0,003'];https://lightstar.ru/kupit-lustry-svetilniki-optom/lenta-svetodiodnaya-220-v/408901;https://dl.lstar.lt/for_site/Lightstar/Tochka_lampy/LED_strips/408901_2500.jpg
['Главная', 'Светотехника', 'Лента светодиодная на 12В, профиль, трансформаторы и аксессуары', 'Гибкий соединитель / кабель питания  408101'];['Масса, кг0,003', 'Количество в упаковке100', 'Артикул408101', 'Зона размещенияЖилая / Общественная', 'Масса, кг0,003'];https://lightstar.ru/kupit-lustry-svetilniki-optom/lenta-svetodiodnaya-12-v/408101;https://dl.lstar.lt/for_site/Lightstar/Tochka_lampy/LED_strips/408101_2500.jpg
['Главная', 'Светотехника', 'Лента светодиодная на 220В и аксессуары', 'Кабель питания  408900'];['Масса, кг0,05', 'Количество в упаковке100', 'Артикул408900', 'Зона размещенияЖилая / Общественная', 'Масса, кг0,05'];https://lightstar.ru/kupit-lustry-svetilniki-optom/lenta-svetodiodnaya-220-v/408900;https://dl.lstar.lt/for_site/Lightstar/Tochka_lampy/LED_strips/408900_2500.jpg
['Главная', 'Светотехника', 'Лента светодиодная на 220В и аксессуары', 'Соединитель 2-хштырьковый для ленты  408902'];['Масса, кг0,001', 'Количество в упаковке100', 'Артикул408902', 'Зона размещенияЖилая / Общественная', 'Масса, кг0,001'];https://lightstar.ru/kupit-lustry-svetilniki-optom/lenta-svetodiodnaya-220-v/408902;https://dl.lstar.lt/for_site/Lightstar/Tochka_lampy/LED_strips/408902_2500.jpg
['Главная', 'Светотехника', 'Лента светодиодная на 220В и аксессуары', 'Монтажная клипса  408906'];['Масса, кг0,001', 'Количество в упаковке100', 'Артикул408906', 'Зона размещенияЖилая / Общественная', 'Масса, кг0,001'];https://lightstar.ru/kupit-lustry-svetilniki-optom/lenta-svetodiodnaya-220-v/408906;https://dl.lstar.lt/for_site/Lightstar/Tochka_lampy/LED_strips/408906_2500.jpg
['Главная', 'Светотехника', 'Лента светодиодная на 12В, профиль, трансформаторы и аксессуары', 'Светодиодная лента в PVC профиле с полукруглым рассеивателем  409022'];['Пылевлагозащита, IPIP20', 'Высота, мм8', 'Масса, кг0,082', 'Количество в упаковке100', 'Артикул409022', 'Зона размещенияЖилая / Общественная', 'Пылевлагозащита, IPIP20', 'Тип светодиодовОдноцветный', 'Цветовая темп., К3000', 'Кол-во LED на метр240', 'Мощность ленты на один метр, Вт/м19,2', 'Масса, кг0,082', 'Длина (Глубина), мм2000', 'Высота, мм8', 'Ширина, мм15', 'Материал арматурыПластик', 'Напряжение питания ламп, В12'];https://lightstar.ru/kupit-lustry-svetilniki-optom/lenta-svetodiodnaya-12-v/409022;https://dl.lstar.lt/for_site/Lightstar/Tochka_lampy/LED_strips/409022.png
['Главная', 'Светотехника', 'Лента светодиодная на 12В, профиль, трансформаторы и аксессуары', 'Светодиодная лента в PVC профиле с полукруглым рассеивателем  409024'];['Пылевлагозащита, IPIP20', 'Высота, мм8', 'Масса, кг0,082', 'Количество в упаковке100', 'Артикул409024', 'Зона размещенияЖилая / Общественная', 'Пылевлагозащита, IPIP20', 'Тип светодиодовОдноцветный', 'Цветовая темп., К4500', 'Кол-во LED на метр240', 'Мощность ленты на один метр, Вт/м19,2', 'Масса, кг0,082', 'Длина (Глубина), мм2000', 'Высота, мм8', 'Ширина, мм15', 'Материал арматурыПластик', 'Напряжение питания ламп, В12'];https://lightstar.ru/kupit-lustry-svetilniki-optom/lenta-svetodiodnaya-12-v/409024;https://dl.lstar.lt/for_site/Lightstar/Tochka_lampy/LED_strips/409024.png
['Главная', 'Светотехника', 'Лента светодиодная на 12В, профиль, трансформаторы и аксессуары', 'Светодиодная лента в PVC профиле с прямоугольным рассеивателем  409114'];['Пылевлагозащита, IPIP20', 'Высота, мм14', 'Масса, кг0,046', 'Количество в упаковке100', 'Артикул409114', 'Зона размещенияЖилая / Общественная', 'Пылевлагозащита, IPIP20', 'Тип светодиодовОдноцветный', 'Цветовая темп., К4500', 'Кол-во LED на метр120', 'Мощность ленты на один метр, Вт/м9,6', 'Масса, кг0,046', 'Длина (Глубина), мм1020', 'Высота, мм14', 'Ширина, мм13', 'Материал арматурыПластик', 'Напряжение питания ламп, В12'];https://lightstar.ru/kupit-lustry-svetilniki-optom/lenta-svetodiodnaya-12-v/409114;https://dl.lstar.lt/for_site/Lightstar/Tochka_lampy/LED_strips/409114.png
['Главная', 'Светотехника', 'Лента светодиодная на 12В, профиль, трансформаторы и аксессуары', 'Светодиодная лента в PVC профиле с прямоугольным рассеивателем  409124'];['Пылевлагозащита, IPIP20', 'Высота, мм11', 'Масса, кг0,082', 'Количество в упаковке100', 'Артикул409124', 'Зона размещенияЖилая / Общественная', 'Пылевлагозащита, IPIP20', 'Тип светодиодовОдноцветный', 'Цветовая темп., К4500', 'Кол-во LED на метр240', 'Мощность ленты на один метр, Вт/м19,2', 'Масса, кг0,082', 'Длина (Глубина), мм2000', 'Высота, мм11', 'Ширина, мм11', 'Материал арматурыПластик', 'Напряжение питания ламп, В12'];https://lightstar.ru/kupit-lustry-svetilniki-optom/lenta-svetodiodnaya-12-v/409124;https://dl.lstar.lt/for_site/Lightstar/Tochka_lampy/LED_strips/409124.png
['Главная', 'Светотехника', 'Лента светодиодная на 12В, профиль, трансформаторы и аксессуары', 'Жесткий соединитель для ленты  408100'];['Масса, кг0,001', 'Количество в упаковке100', 'Артикул408100', 'Зона размещенияЖилая / Общественная', 'Масса, кг0,001'];https://lightstar.ru/kupit-lustry-svetilniki-optom/lenta-svetodiodnaya-12-v/408100;https://dl.lstar.lt/for_site/Lightstar/Tochka_lampy/LED_strips/408100_2500.jpg
['Главная', 'Светотехника', 'Лента светодиодная на 12В, профиль, трансформаторы и аксессуары', 'Трансформатор для светодиодной ленты  410060'];['Высота, мм35', 'Масса, кг0,183', 'Мощность лампы (Max), Вт60 / 40', 'Количество в упаковке96', 'Артикул410060', 'Зона размещенияЖилая / Общественная', 'Max длина низковольтной линии (светодиодной ленты), м5', 'Выходное напряжение, В12', 'Масса, кг0,183', 'Длина (Глубина), мм110', 'Высота, мм35', 'Ширина, мм80', 'Мощность лампы (Max), Вт60 / 40'];https://lightstar.ru/kupit-lustry-svetilniki-optom/lenta-svetodiodnaya-12-v/410060;https://dl.lstar.lt/for_site/Lightstar/Tochka_lampy/LED_strips/410060_2500.jpg
['Главная', 'Светотехника', 'Лента светодиодная на 12В, профиль, трансформаторы и аксессуары', 'Контроллер RC LED RGB  410806'];['Высота, мм30', 'Масса, кг0,201', 'Количество в упаковке150', 'Артикул410806', 'Зона размещенияЖилая / Общественная', 'Выходная сила тока на канал, мА6000', 'Выходное напряжение, В12 / 24', 'Количество каналов, шт3', 'Тип ДУРадио', 'Масса, кг0,201', 'Длина (Глубина), мм127', 'Высота, мм30', 'Ширина, мм40'];https://lightstar.ru/kupit-lustry-svetilniki-optom/lenta-svetodiodnaya-12-v/410806;https://dl.lstar.lt/for_site/Lightstar/Tochka_lampy/LED_strips/410806_2500.jpg
['Главная', 'Светотехника', 'Лента светодиодная на 12В, профиль, трансформаторы и аксессуары', 'Контроллер WiFi  410984'];['Высота, мм87', 'Диаметр, мм127', 'Артикул410984', 'Зона размещенияЖилая / Общественная', 'Выходная сила тока на канал, мА4000', 'Выходное напряжение, В12 / 24', 'Количество каналов, шт3', 'Тип ДУWi-Fi', 'Диаметр, мм127', 'Высота, мм87', 'Ширина, мм66'];https://lightstar.ru/kupit-lustry-svetilniki-optom/lenta-svetodiodnaya-12-v/410984;https://dl.lstar.lt/for_site/Lightstar/Tochka_lampy/LED_strips/410984_2500.jpg
['Главная', 'Светотехника', 'Лента светодиодная на 12В, профиль, трансформаторы и аксессуары', 'Контроллер Mini WiFi LED RGB  410954'];['Высота, мм23', 'Масса, кг0,06', 'Артикул410954', 'Зона размещенияЖилая / Общественная', 'Выходная сила тока на канал, мА4000', 'Выходное напряжение, В12 / 24', 'Количество каналов, шт3', 'Тип ДУWi-Fi', 'Масса, кг0,06', 'Длина (Глубина), мм85', 'Высота, мм23', 'Ширина, мм45'];https://lightstar.ru/kupit-lustry-svetilniki-optom/lenta-svetodiodnaya-12-v/410954;https://dl.lstar.lt/for_site/Lightstar/Tochka_lampy/LED_strips/410954_2500.jpg
['Главная', 'Светотехника', 'Лента светодиодная на 12В, профиль, трансформаторы и аксессуары', 'Трансформатор для светодиодной ленты  410100'];['Высота, мм40', 'Масса, кг0,345', 'Мощность лампы (Max), Вт100', 'Количество в упаковке50', 'Артикул410100', 'Зона размещенияЖилая / Общественная', 'Max длина низковольтной линии (светодиодной ленты), м5', 'Выходная сила тока на канал, мА8300', 'Выходное напряжение, В12', 'Масса, кг0,345', 'Длина (Глубина), мм130', 'Высота, мм40', 'Ширина, мм98', 'Мощность лампы (Max), Вт100'];https://lightstar.ru/kupit-lustry-svetilniki-optom/lenta-svetodiodnaya-12-v/410100;https://dl.lstar.lt/for_site/Lightstar/Tochka_lampy/LED_strips/410100_2500.jpg
['Главная', 'Светотехника', 'Лента светодиодная на 12В, профиль, трансформаторы и аксессуары', 'Профиль с полукруглым рассеивателем  409629'];['Высота, мм18', 'Масса, кг0,317', 'Количество в упаковке50', 'Артикул409629', 'Зона размещенияЖилая / Общественная', 'Масса, кг0,317', 'Длина (Глубина), мм2000', 'Высота, мм18', 'Ширина, мм25', 'Материал арматурыАлюминий'];https://lightstar.ru/kupit-lustry-svetilniki-optom/lenta-svetodiodnaya-12-v/409629;https://dl.lstar.lt/for_site/Lightstar/Tochka_lampy/LED_strips/409629.png
['Главная', 'Светотехника', 'Лента светодиодная на 12В, профиль, трансформаторы и аксессуары', 'Трансформатор для светодиодной ленты  410025'];['Высота, мм33', 'Масса, кг0,109', 'Мощность лампы (Max), Вт25', 'Количество в упаковке145', 'Артикул410025', 'Зона размещенияЖилая / Общественная', 'Max длина низковольтной линии (светодиодной ленты), м5', 'Выходная сила тока на канал, мА2000', 'Выходное напряжение, В12', 'Масса, кг0,109', 'Длина (Глубина), мм85', 'Высота, мм33', 'Ширина, мм57', 'Мощность лампы (Max), Вт25'];https://lightstar.ru/kupit-lustry-svetilniki-optom/lenta-svetodiodnaya-12-v/410025;https://dl.lstar.lt/for_site/Lightstar/Tochka_lampy/LED_strips/410025_2500.jpg
['Главная', 'Светотехника', 'Лента светодиодная на 12В, профиль, трансформаторы и аксессуары', 'Трансформатор для светодиодной ленты  410400'];['Высота, мм51', 'Масса, кг0,661', 'Мощность лампы (Max), Вт400', 'Количество в упаковке28', 'Артикул410400', 'Зона размещенияЖилая / Общественная', 'Max длина низковольтной линии (светодиодной ленты), м5', 'Выходная сила тока на канал, мА33300', 'Выходное напряжение, В12', 'Масса, кг0,661', 'Длина (Глубина), мм200', 'Высота, мм51', 'Ширина, мм100', 'Мощность лампы (Max), Вт400'];https://lightstar.ru/kupit-lustry-svetilniki-optom/lenta-svetodiodnaya-12-v/410400;https://dl.lstar.lt/for_site/Lightstar/Tochka_lampy/LED_strips/410400_2500.jpg
['Главная', 'Светотехника', 'Лента светодиодная на 12В, профиль, трансформаторы и аксессуары', 'Трансформатор для светодиодной ленты  410200'];['Высота, мм51', 'Масса, кг0,524', 'Мощность лампы (Max), Вт200', 'Количество в упаковке28', 'Артикул410200', 'Зона размещенияЖилая / Общественная', 'Max длина низковольтной линии (светодиодной ленты), м5', 'Выходное напряжение, В12', 'Масса, кг0,524', 'Длина (Глубина), мм210', 'Высота, мм51', 'Ширина, мм110', 'Мощность лампы (Max), Вт200'];https://lightstar.ru/kupit-lustry-svetilniki-optom/lenta-svetodiodnaya-12-v/410200;https://dl.lstar.lt/for_site/Lightstar/Tochka_lampy/LED_strips/410200_2500.jpg
['Главная', 'Светотехника', 'Лента светодиодная на 12В, профиль, трансформаторы и аксессуары', 'Профиль с прямоугольным рассеивателем  409529'];['Высота, мм7', 'Масса, кг0,284', 'Количество в упаковке50', 'Артикул409529', 'Зона размещенияЖилая / Общественная', 'Масса, кг0,284', 'Длина (Глубина), мм2000', 'Высота, мм7', 'Ширина, мм25', 'Материал арматурыАлюминий'];https://lightstar.ru/kupit-lustry-svetilniki-optom/lenta-svetodiodnaya-12-v/409529;https://dl.lstar.lt/for_site/Lightstar/Tochka_lampy/LED_strips/409529.png
['Главная', 'Светотехника', 'Лента светодиодная на 12В, профиль, трансформаторы и аксессуары', 'Трансформатор для светодиодной ленты  410150'];['Высота, мм50', 'Масса, кг0,417', 'Мощность лампы (Max), Вт150', 'Количество в упаковке36', 'Артикул410150', 'Зона размещенияЖилая / Общественная', 'Max длина низковольтной линии (светодиодной ленты), м5', 'Выходное напряжение, В12', 'Масса, кг0,417', 'Длина (Глубина), мм220', 'Высота, мм50', 'Ширина, мм100', 'Мощность лампы (Max), Вт150'];https://lightstar.ru/kupit-lustry-svetilniki-optom/lenta-svetodiodnaya-12-v/410150;https://dl.lstar.lt/for_site/Lightstar/Tochka_lampy/LED_strips/410150_2500.jpg
['Главная', 'Светотехника', 'Лента светодиодная на 12В, профиль, трансформаторы и аксессуары', 'Трансформатор для светодиодной ленты  410360'];['Высота, мм56', 'Диаметр, мм97', 'Масса, кг0,58', 'Мощность лампы (Max), Вт360', 'Количество в упаковке28', 'Артикул410360', 'Зона размещенияЖилая / Общественная', 'Max длина низковольтной линии (светодиодной ленты), м5', 'Выходная сила тока на канал, мА30000', 'Выходное напряжение, В12', 'Масса, кг0,58', 'Диаметр, мм97', 'Длина (Глубина), мм198', 'Высота, мм56', 'Мощность лампы (Max), Вт360'];https://lightstar.ru/kupit-lustry-svetilniki-optom/lenta-svetodiodnaya-12-v/410360;https://dl.lstar.lt/for_site/Lightstar/Tochka_lampy/LED_strips/410360_2500.jpg
['Главная', 'Светотехника', 'Лента светодиодная на 12В, профиль, трансформаторы и аксессуары', 'Усилитель LED RGB  410704'];['Высота, мм25', 'Масса, кг0,096', 'Количество в упаковке50', 'Артикул410704', 'Зона размещенияЖилая / Общественная', 'Выходная сила тока на канал, мА4000', 'Выходное напряжение, В12 / 24', 'Количество каналов, шт3', 'Масса, кг0,096', 'Длина (Глубина), мм105', 'Высота, мм25', 'Ширина, мм62'];https://lightstar.ru/kupit-lustry-svetilniki-optom/lenta-svetodiodnaya-12-v/410704;https://dl.lstar.lt/for_site/Lightstar/Tochka_lampy/LED_strips/410704_2500.jpg
['Главная', 'Светотехника', 'Лента светодиодная на 12В, профиль, трансформаторы и аксессуары', 'Котроллер Master WiFi+ RC LED RGB  410904'];['Высота, мм30', 'Масса, кг0,252', 'Количество в упаковке50', 'Артикул410904', 'Зона размещенияЖилая / Общественная', 'Выходная сила тока на канал, мА4000', 'Выходное напряжение, В12 / 24', 'Количество каналов, шт3', 'Тип ДУРадио / Wi-Fi', 'Масса, кг0,252', 'Длина (Глубина), мм127', 'Высота, мм30', 'Ширина, мм80'];https://lightstar.ru/kupit-lustry-svetilniki-optom/lenta-svetodiodnaya-12-v/410904;https://dl.lstar.lt/for_site/Lightstar/Tochka_lampy/LED_strips/410904+pult_2500.jpg
['Главная', 'Светотехника', 'Лента светодиодная на 12В, профиль, трансформаторы и аксессуары', 'Профиль с прямоугольным рассеивателем  409429'];['Высота, мм8', 'Масса, кг0,227', 'Количество в упаковке50', 'Артикул409429', 'Зона размещенияЖилая / Общественная', 'Масса, кг0,227', 'Длина (Глубина), мм2000', 'Высота, мм8', 'Ширина, мм17', 'Материал арматурыАлюминий'];https://lightstar.ru/kupit-lustry-svetilniki-optom/lenta-svetodiodnaya-12-v/409429;https://dl.lstar.lt/for_site/Lightstar/Tochka_lampy/LED_strips/409429.png
['Главная', 'Светотехника', 'Люстры', 'Люстра подвесная Acesso 721063'];['КоллекцияAcesso', 'СтильКлассический', 'Пылевлагозащита, IPIP20', 'Высота, мм490', 'Диаметр, мм600', 'Масса, кг9,9', 'Количество ламп, шт6', 'Цвет арматурыЧерный хром', 'Цвет плафона (Декора)Бежевый', 'Мощность лампы (Max), Вт40', 'Цоколь лампE14', 'Артикул721063', 'КоллекцияAcesso', 'СтильКлассический', 'Зона размещенияЖилая / Общественная', 'Тип люстрыПодвесная', 'Количество плафонов (декор элем встройки), шт (если 0 - нет)6', 'Количество рожков, шт (если 0 - нет)6', 'Коэфф пропускания плафоном света, 0-10,7', 'Пылевлагозащита, IPIP20', 'Направление рожков, Вверх/ВнизВверх', 'Суммарная мощность LED, Вт36', 'Суммарная мощность ЛОН, Вт240', 'Масса, кг9,9', 'Тип крепления плафона, На арматуру / На лампуНа лампу', 'Крепление, На планку / На крюк / ПружинноеНа крюк / На диск', 'Монтаж, Врезной / НакладнойПодвесной', 'Диаметр, мм600', 'Высота, мм490', 'Высота min, мм700', 'Высота max, мм1700', 'Диаметр основания (отверстия встройки), мм120', 'Глубина (высота) основания (отверстия встройки), мм150', 'Цвет арматурыЧерный хром', 'Цвет плафона (Декора)Бежевый', 'Цвет подвесокКоньяк', 'Цвет рожковКоньяк', 'Цвет чашКоньяк', 'Материал арматурыМеталл', 'Материал плафона (Декора)Ткань', 'Материал подвесокХрусталь', 'Материал рожковСтекло', 'Материал чашХрусталь', 'Количество ламп, шт6', 'Цоколь лампE14', 'Мощность лампы (Max), Вт40', 'Напряжение питания ламп, В220', 'Тип лампыГЛН / LED / КЛЛ', 'Типоразмер лампыC / P'];https://lightstar.ru/kupit-lustry-svetilniki-optom/kupit-lustru-optom/721063;https://dl.lstar.lt/for_site/Osgona/Acesso/721063/721063.png
['Главная', 'Светотехника', 'Люстры', 'Люстра подвесная Acquario 753084'];['КоллекцияAcquario', 'СтильАрт-деко', 'Пылевлагозащита, IPIP20', 'Высота, мм230', 'Диаметр, мм500', 'Масса, кг6,2', 'Количество ламп, шт8', 'Цвет арматурыХром', 'Цвет плафона (Декора)Прозрачный', 'Мощность лампы (Max), Вт40', 'Цоколь лампG9', 'Артикул753084', 'КоллекцияAcquario', 'СтильАрт-деко', 'Зона размещенияЖилая / Общественная', 'Тип люстрыПодвесная', 'Количество плафонов (декор элем встройки), шт (если 0 - нет)1', 'Коэфф пропускания плафоном света, 0-10,85', 'Пылевлагозащита, IPIP20', 'Суммарная мощность LED, Вт48', 'Суммарная мощность ЛОН, Вт320', 'Масса, кг6,2', 'Тип крепления плафона, На арматуру / На лампуНа арматуру', 'Крепление, На планку / На крюк / ПружинноеНа планку', 'Монтаж, Врезной / НакладнойНакладной', 'Диаметр, мм500', 'Высота, мм230', 'Высота min, мм350', 'Высота max, мм1100', 'Диаметр основания (отверстия встройки), мм150', 'Глубина (высота) основания (отверстия встройки), мм40', 'Цвет арматурыХром', 'Цвет плафона (Декора)Прозрачный', 'Цвет подвесокПрозрачный', 'Материал арматурыМеталл', 'Материал плафона (Декора)Стекло', 'Материал подвесокХрусталь', 'Количество ламп, шт8', 'Цоколь лампG9', 'Мощность лампы (Max), Вт40', 'Напряжение питания ламп, В220', 'Тип лампыГЛН / LED', 'Типоразмер лампыJC'];https://lightstar.ru/kupit-lustry-svetilniki-optom/kupit-lustru-optom/753084;https://dl.lstar.lt/for_site/Lightstar/Bolshoy_katalog/Acquario/753084/753084.png
['Главная', 'Светотехника', 'Бра', 'Бра Accia 776624'];['КоллекцияAccia', 'СтильКлассический', 'Пылевлагозащита, IPIP20', 'Высота, мм440', 'Масса, кг2,75', 'Количество ламп, шт2', 'Цвет арматурыСеребро', 'Мощность лампы (Max), Вт40', 'Цоколь лампE14', 'Артикул776624', 'КоллекцияAccia', 'СтильКлассический', 'Зона размещенияЖилая / Общественная', 'Количество плафонов (декор элем встройки), шт (если 0 - нет)2', 'Количество рожков, шт (если 0 - нет)2', 'Коэфф пропускания плафоном света, 0-10,85', 'Пылевлагозащита, IPIP20', 'Направление рожков, Вверх/ВнизВверх', 'Суммарная мощность LED, Вт12', 'Суммарная мощность ЛОН, Вт80', 'Масса, кг2,75', 'Тип крепления плафона, На арматуру / На лампуНа лампу', 'Крепление, На планку / На крюк / ПружинноеНа планку', 'Монтаж, Врезной / НакладнойНакладной', 'Длина (Глубина), мм220', 'Высота, мм440', 'Ширина, мм310', 'Глубина (высота) основания (отверстия встройки), мм320', 'Ширина основания (отверстия встройки), мм140', 'Цвет арматурыСеребро', 'Цвет подвесокПрозрачный', 'Цвет рожковСеребро / Прозрачный', 'Цвет чашПрозрачный', 'Материал арматурыМеталл', 'Материал плафона (Декора)Ткань', 'Материал подвесокХрусталь', 'Материал рожковСтекло / Металл', 'Материал чашХрусталь', 'Количество ламп, шт2', 'Цоколь лампE14', 'Мощность лампы (Max), Вт40', 'Напряжение питания ламп, В220', 'Тип лампыГЛН / LED / КЛЛ', 'Типоразмер лампыC / P / T'];https://lightstar.ru/kupit-lustry-svetilniki-optom/kupit-bra-optom/776624;https://dl.lstar.lt/for_site/Osgona/Accia/776624/776624.png
['Главная', 'Светотехника', 'Люстры', 'Люстра подвесная Acesso 721083'];['КоллекцияAcesso', 'СтильКлассический', 'Пылевлагозащита, IPIP20', 'Высота, мм540', 'Диаметр, мм710', 'Масса, кг12,95', 'Количество ламп, шт8', 'Цвет арматурыЧерный хром', 'Цвет плафона (Декора)Бежевый', 'Мощность лампы (Max), Вт40', 'Цоколь лампE14', 'Артикул721083', 'КоллекцияAcesso', 'СтильКлассический', 'Зона размещенияЖилая / Общественная', 'Тип люстрыПодвесная', 'Количество плафонов (декор элем встройки), шт (если 0 - нет)8', 'Количество рожков, шт (если 0 - нет)8', 'Коэфф пропускания плафоном света, 0-10,7', 'Пылевлагозащита, IPIP20', 'Направление рожков, Вверх/ВнизВверх', 'Суммарная мощность LED, Вт48', 'Суммарная мощность ЛОН, Вт320', 'Масса, кг12,95', 'Тип крепления плафона, На арматуру / На лампуНа лампу', 'Крепление, На планку / На крюк / ПружинноеНа крюк / На диск', 'Монтаж, Врезной / НакладнойПодвесной', 'Диаметр, мм710', 'Высота, мм540', 'Высота min, мм750', 'Высота max, мм1750', 'Диаметр основания (отверстия встройки), мм120', 'Глубина (высота) основания (отверстия встройки), мм150', 'Цвет арматурыЧерный хром', 'Цвет плафона (Декора)Бежевый', 'Цвет подвесокКоньяк', 'Цвет рожковКоньяк', 'Цвет чашКоньяк', 'Материал арматурыМеталл', 'Материал плафона (Декора)Ткань', 'Материал подвесокХрусталь', 'Материал рожковСтекло', 'Материал чашХрусталь', 'Количество ламп, шт8', 'Цоколь лампE14', 'Мощность лампы (Max), Вт40', 'Напряжение питания ламп, В220', 'Тип лампыГЛН / LED / КЛЛ', 'Типоразмер лампыC / P'];https://lightstar.ru/kupit-lustry-svetilniki-optom/kupit-lustru-optom/721083;https://dl.lstar.lt/for_site/Osgona/Acesso/721083/721083.png
['Главная', 'Светотехника', 'Встраиваемые светильники', 'Светильник точечный встраиваемый декоративный со встроенными светодиодами Acri 212010'];['КоллекцияAcri', 'СтильХай-тек', 'Пылевлагозащита, IPIP44', 'Высота, мм10', 'Диаметр, мм100', 'Масса, кг0,18', 'Цвет арматурыБелый', 'Цвет плафона (Декора)Белый / Прозрачный', 'Количество в упаковке40', 'Артикул212010', 'КоллекцияAcri', 'СтильХай-тек', 'Зона размещенияЖилая / Общественная', 'Встроенные светодиоды, Да/НетДа', 'Количество плафонов (декор элем встройки), шт (если 0 - нет)1', 'Коэфф пропускания плафоном света, 0-10,85', 'Пылевлагозащита, IPIP44', 'Суммарная мощность LED, Вт6', 'Суммарная мощность ЛОН, Вт60', 'Цветовая темп., К3000', 'Световой поток, лм (для лент Лм/м)480', 'Срок службы, ч20000', 'Масса, кг0,18', 'Тип крепления плафона, На арматуру / На лампуНа арматуру', 'Крепление, На планку / На крюк / ПружинноеПружинное', 'Монтаж, Врезной / НакладнойВрезной', 'Диаметр, мм100', 'Высота, мм10', 'Диаметр основания (отверстия встройки), мм80', 'Глубина (высота) основания (отверстия встройки), мм22', 'Цвет арматурыБелый', 'Цвет плафона (Декора)Белый / Прозрачный', 'Материал арматурыМеталл', 'Материал плафона (Декора)Металл / Стекло', 'Напряжение питания ламп, В220'];https://lightstar.ru/kupit-lustry-svetilniki-optom/vstraivaemye-tochechnye-svetilniki-pod-lampy/212010;https://dl.lstar.lt/for_site/Lightstar/Tochka_lampy/Acri/21201X/212010.png
['Главная', 'Светотехника', 'Бра', 'Бра Acesso 721623'];['КоллекцияAcesso', 'СтильКлассический', 'Пылевлагозащита, IPIP20', 'Высота, мм400', 'Масса, кг2,5', 'Количество ламп, шт2', 'Цвет арматурыЧерный хром', 'Цвет плафона (Декора)Бежевый', 'Мощность лампы (Max), Вт40', 'Цоколь лампE14', 'Артикул721623', 'КоллекцияAcesso', 'СтильКлассический', 'Зона размещенияЖилая / Общественная', 'Количество плафонов (декор элем встройки), шт (если 0 - нет)2', 'Количество рожков, шт (если 0 - нет)2', 'Коэфф пропускания плафоном света, 0-10,7', 'Пылевлагозащита, IPIP20', 'Направление рожков, Вверх/ВнизВверх', 'Суммарная мощность LED, Вт12', 'Суммарная мощность ЛОН, Вт80', 'Масса, кг2,5', 'Тип крепления плафона, На арматуру / На лампуНа лампу', 'Крепление, На планку / На крюк / ПружинноеНа основание', 'Монтаж, Врезной / НакладнойНакладной', 'Длина (Глубина), мм210', 'Высота, мм400', 'Ширина, мм370', 'Глубина (высота) основания (отверстия встройки), мм120', 'Ширина основания (отверстия встройки), мм100', 'Цвет арматурыЧерный хром', 'Цвет плафона (Декора)Бежевый', 'Цвет подвесокКоньяк', 'Цвет рожковКоньяк', 'Цвет чашКоньяк', 'Материал арматурыМеталл', 'Материал плафона (Декора)Ткань', 'Материал подвесокХрусталь', 'Материал рожковСтекло', 'Материал чашХрусталь', 'Количество ламп, шт2', 'Цоколь лампE14', 'Мощность лампы (Max), Вт40', 'Напряжение питания ламп, В220', 'Тип лампыГЛН / LED / КЛЛ', 'Типоразмер лампыC / P / T'];https://lightstar.ru/kupit-lustry-svetilniki-optom/kupit-bra-optom/721623;https://dl.lstar.lt/for_site/Osgona/Acesso/721623/721623.png
['Главная', 'Светотехника', 'Бра', 'Бра Acquario 752634'];['КоллекцияAcquario', 'СтильАрт-деко', 'Пылевлагозащита, IPIP20', 'Высота, мм230', 'Масса, кг2,1', 'Количество ламп, шт3', 'Цвет арматурыХром', 'Цвет плафона (Декора)Прозрачный', 'Мощность лампы (Max), Вт20', 'Цоколь лампG4', 'Количество в упаковке4', 'Артикул752634', 'КоллекцияAcquario', 'СтильАрт-деко', 'Зона размещенияЖилая / Общественная', 'Количество плафонов (декор элем встройки), шт (если 0 - нет)1', 'Коэфф пропускания плафоном света, 0-10,85', 'Пылевлагозащита, IPIP20', 'Суммарная мощность LED, Вт18', 'Суммарная мощность ЛОН, Вт60', 'Масса, кг2,1', 'Тип крепления плафона, На арматуру / На лампуНа арматуру', 'Крепление, На планку / На крюк / ПружинноеНа основание', 'Монтаж, Врезной / НакладнойНакладной', 'Длина (Глубина), мм150', 'Высота, мм230', 'Ширина, мм300', 'Длина основания (отверстия встройки), мм130', 'Глубина (высота) основания (отверстия встройки), мм150', 'Ширина основания (отверстия встройки), мм50', 'Цвет арматурыХром', 'Цвет плафона (Декора)Прозрачный', 'Цвет подвесокПрозрачный', 'Материал арматурыМеталл', 'Материал плафона (Декора)Стекло', 'Материал подвесокХрусталь', 'Количество ламп, шт3', 'Цоколь лампG4', 'Мощность лампы (Max), Вт20', 'Напряжение питания ламп, В12', 'Тип лампыГЛН / LED', 'Типоразмер лампыJC'];https://lightstar.ru/kupit-lustry-svetilniki-optom/kupit-bra-optom/752634;https://dl.lstar.lt/for_site/Lightstar/Bolshoy_katalog/Acquario/752634/752634.png
['Главная', 'Светотехника', 'Люстры', 'Люстра подвесная Acquario 752084'];['КоллекцияAcquario', 'СтильАрт-деко', 'Пылевлагозащита, IPIP20', 'Высота, мм230', 'Диаметр, мм500', 'Масса, кг7,3', 'Количество ламп, шт8', 'Цвет арматурыХром', 'Цвет плафона (Декора)Прозрачный', 'Мощность лампы (Max), Вт40', 'Цоколь лампG9', 'Артикул752084', 'КоллекцияAcquario', 'СтильАрт-деко', 'Зона размещенияЖилая / Общественная', 'Тип люстрыПодвесная', 'Количество плафонов (декор элем встройки), шт (если 0 - нет)1', 'Коэфф пропускания плафоном света, 0-10,85', 'Пылевлагозащита, IPIP20', 'Суммарная мощность LED, Вт48', 'Суммарная мощность ЛОН, Вт320', 'Масса, кг7,3', 'Тип крепления плафона, На арматуру / На лампуНа арматуру', 'Крепление, На планку / На крюк / ПружинноеНа планку', 'Монтаж, Врезной / НакладнойНакладной', 'Диаметр, мм500', 'Высота, мм230', 'Высота min, мм350', 'Высота max, мм1100', 'Диаметр основания (отверстия встройки), мм150', 'Глубина (высота) основания (отверстия встройки), мм40', 'Цвет арматурыХром', 'Цвет плафона (Декора)Прозрачный', 'Цвет подвесокПрозрачный', 'Материал арматурыМеталл', 'Материал плафона (Декора)Стекло', 'Материал подвесокХрусталь', 'Количество ламп, шт8', 'Цоколь лампG9', 'Мощность лампы (Max), Вт40', 'Напряжение питания ламп, В220', 'Тип лампыГЛН / LED', 'Типоразмер лампыJC'];https://lightstar.ru/kupit-lustry-svetilniki-optom/kupit-lustru-optom/752084;https://dl.lstar.lt/for_site/Lightstar/Bolshoy_katalog/Acquario/752084_/752084.png
['Главная', 'Светотехника', 'Бра', 'Бра Acquario 753634'];['КоллекцияAcquario', 'СтильАрт-деко', 'Пылевлагозащита, IPIP20', 'Высота, мм230', 'Масса, кг2,35', 'Количество ламп, шт3', 'Цвет арматурыХром', 'Цвет плафона (Декора)Прозрачный', 'Мощность лампы (Max), Вт20', 'Цоколь лампG4', 'Артикул753634', 'КоллекцияAcquario', 'СтильАрт-деко', 'Зона размещенияЖилая / Общественная', 'Количество плафонов (декор элем встройки), шт (если 0 - нет)1', 'Коэфф пропускания плафоном света, 0-10,85', 'Пылевлагозащита, IPIP20', 'Суммарная мощность LED, Вт18', 'Суммарная мощность ЛОН, Вт60', 'Масса, кг2,35', 'Тип крепления плафона, На арматуру / На лампуНа арматуру', 'Крепление, На планку / На крюк / ПружинноеНа основание', 'Монтаж, Врезной / НакладнойНакладной', 'Длина (Глубина), мм150', 'Высота, мм230', 'Ширина, мм300', 'Длина основания (отверстия встройки), мм130', 'Глубина (высота) основания (отверстия встройки), мм150', 'Ширина основания (отверстия встройки), мм50', 'Цвет арматурыХром', 'Цвет плафона (Декора)Прозрачный', 'Цвет подвесокПрозрачный', 'Материал арматурыМеталл', 'Материал плафона (Декора)Стекло', 'Материал подвесокХрусталь', 'Количество ламп, шт3', 'Цоколь лампG4', 'Мощность лампы (Max), Вт20', 'Напряжение питания ламп, В12', 'Тип лампыГЛН / LED', 'Типоразмер лампыJC'];https://lightstar.ru/kupit-lustry-svetilniki-optom/kupit-bra-optom/753634;https://dl.lstar.lt/for_site/Lightstar/Bolshoy_katalog/Acquario/753634/753634.png
['Главная', 'Светотехника', 'Люстры', 'Люстра подвесная Acquario 752010'];['КоллекцияAcquario', 'СтильАрт-деко', 'Пылевлагозащита, IPIP20', 'Высота, мм220', 'Диаметр, мм400', 'Масса, кг2,5', 'Количество ламп, шт1', 'Цвет арматурыЧерный / Золото', 'Цвет плафона (Декора)Прозрачный', 'Мощность лампы (Max), Вт40', 'Цоколь лампE27', 'Артикул752010', 'КоллекцияAcquario', 'СтильАрт-деко', 'Зона размещенияЖилая / Общественная', 'Тип люстрыПодвесная', 'Количество плафонов (декор элем встройки), шт (если 0 - нет)1', 'Коэфф пропускания плафоном света, 0-11', 'Пылевлагозащита, IPIP20', 'Суммарная мощность LED, Вт6', 'Суммарная мощность ЛОН, Вт40', 'Масса, кг2,5', 'Тип крепления плафона, На арматуру / На лампуНа арматуру', 'Крепление, На планку / На крюк / ПружинноеНа планку', 'Монтаж, Врезной / НакладнойНакладной', 'Диаметр, мм400', 'Высота, мм220', 'Высота min, мм400', 'Высота max, мм1660', 'Диаметр основания (отверстия встройки), мм120', 'Глубина (высота) основания (отверстия встройки), мм25', 'Цвет арматурыЧерный / Золото', 'Цвет плафона (Декора)Прозрачный', 'Материал арматурыМеталл', 'Материал плафона (Декора)Стекло', 'Количество ламп, шт1', 'Цоколь лампE27', 'Мощность лампы (Max), Вт40', 'Напряжение питания ламп, В220', 'Тип лампыКЛЛ / ГЛН / LED', 'Типоразмер лампыC / P / T'];https://lightstar.ru/kupit-lustry-svetilniki-optom/kupit-lustru-optom/752010;https://dl.lstar.lt/for_site/Lightstar/Bolshoy_katalog/Acquario/752010/752010.png
['Главная', 'Светотехника', 'Лампы светодиодные', 'Светодиодный модуль  940294'];['Пылевлагозащита, IPIP20', 'Высота, мм62', 'Диаметр, мм50', 'Масса, кг0,128', 'Мощность лампы (Max), Вт10', 'Количество в упаковке100', 'Артикул940294', 'Зона размещенияЖилая / Общественная', 'Пылевлагозащита, IPIP20', 'Суммарная мощность ЛОН, Вт100', 'Цветовая темп., К4000', 'Световой поток, лм (для лент Лм/м)610', 'Угол рассеивания рефлектора, °45', 'Срок службы, ч20000', 'Масса, кг0,128', 'Диаметр, мм50', 'Высота, мм62', 'Мощность лампы (Max), Вт10', 'Напряжение питания ламп, В220', 'Тип лампыLED'];https://lightstar.ru/kupit-lustry-svetilniki-optom/lampy-svetodiodnye/940294;https://dl.lstar.lt/for_site/Lightstar/Tochka_lampy/LED_bulbs/94029x.png
['Главная', 'Светотехника', 'Встраиваемые светильники', 'Светильник точечный встраиваемый декоративный со встроенными светодиодами Acri 212030'];['КоллекцияAcri', 'СтильХай-тек', 'Пылевлагозащита, IPIP44', 'Высота, мм10', 'Диаметр, мм100', 'Масса, кг0,137', 'Цвет арматурыБелый', 'Цвет плафона (Декора)Белый / Прозрачный', 'Количество в упаковке40', 'Артикул212030', 'КоллекцияAcri', 'СтильХай-тек', 'Зона размещенияЖилая / Общественная', 'Встроенные светодиоды, Да/НетДа', 'Количество плафонов (декор элем встройки), шт (если 0 - нет)1', 'Коэфф пропускания плафоном света, 0-10,85', 'Пылевлагозащита, IPIP44', 'Суммарная мощность LED, Вт6', 'Суммарная мощность ЛОН, Вт60', 'Цветовая темп., К4000', 'Световой поток, лм (для лент Лм/м)480', 'Срок службы, ч20000', 'Масса, кг0,137', 'Тип крепления плафона, На арматуру / На лампуНа арматуру', 'Крепление, На планку / На крюк / ПружинноеПружинное', 'Монтаж, Врезной / НакладнойВрезной', 'Диаметр, мм100', 'Высота, мм10', 'Диаметр основания (отверстия встройки), мм80', 'Глубина (высота) основания (отверстия встройки), мм22', 'Цвет арматурыБелый', 'Цвет плафона (Декора)Белый / Прозрачный', 'Материал арматурыМеталл', 'Материал плафона (Декора)Металл / Стекло', 'Напряжение питания ламп, В220'];https://lightstar.ru/kupit-lustry-svetilniki-optom/vstraivaemye-tochechnye-svetilniki-pod-lampy/212030;https://dl.lstar.lt/for_site/Lightstar/Tochka_lampy/Acri/21203X/212030.png
['Главная', 'Светотехника', 'Встраиваемые светильники', 'Светильник точечный встраиваемый декоративный со встроенными светодиодами Acri 212031'];['КоллекцияAcri', 'СтильХай-тек', 'Пылевлагозащита, IPIP44', 'Высота, мм7', 'Диаметр, мм160', 'Масса, кг0,3', 'Цвет арматурыБелый', 'Цвет плафона (Декора)Белый / Прозрачный', 'Количество в упаковке20', 'Артикул212031', 'КоллекцияAcri', 'СтильХай-тек', 'Зона размещенияЖилая / Общественная', 'Встроенные светодиоды, Да/НетДа', 'Количество плафонов (декор элем встройки), шт (если 0 - нет)1', 'Коэфф пропускания плафоном света, 0-10,85', 'Пылевлагозащита, IPIP44', 'Суммарная мощность LED, Вт12', 'Суммарная мощность ЛОН, Вт120', 'Цветовая темп., К4000', 'Световой поток, лм (для лент Лм/м)780', 'Срок службы, ч20000', 'Масса, кг0,3', 'Тип крепления плафона, На арматуру / На лампуНа арматуру', 'Крепление, На планку / На крюк / ПружинноеПружинное', 'Монтаж, Врезной / НакладнойВрезной', 'Диаметр, мм160', 'Высота, мм7', 'Диаметр основания (отверстия встройки), мм120', 'Глубина (высота) основания (отверстия встройки), мм22', 'Цвет арматурыБелый', 'Цвет плафона (Декора)Белый / Прозрачный', 'Материал арматурыМеталл', 'Материал плафона (Декора)Металл / Стекло', 'Напряжение питания ламп, В220'];https://lightstar.ru/kupit-lustry-svetilniki-optom/vstraivaemye-tochechnye-svetilniki-pod-lampy/212031;https://dl.lstar.lt/for_site/Lightstar/Tochka_lampy/Acri/212011_31.png
['Главная', 'Светотехника', 'Встраиваемые светильники', 'Светильник точечный встраиваемый декоративный со встроенными светодиодами Acri 212032'];['КоллекцияAcri', 'СтильХай-тек', 'Пылевлагозащита, IPIP44', 'Высота, мм7', 'Диаметр, мм200', 'Масса, кг0,431', 'Цвет арматурыБелый', 'Цвет плафона (Декора)Белый / Прозрачный', 'Количество в упаковке20', 'Артикул212032', 'КоллекцияAcri', 'СтильХай-тек', 'Зона размещенияЖилая / Общественная', 'Встроенные светодиоды, Да/НетДа', 'Количество плафонов (декор элем встройки), шт (если 0 - нет)1', 'Коэфф пропускания плафоном света, 0-10,85', 'Пылевлагозащита, IPIP44', 'Суммарная мощность LED, Вт18', 'Суммарная мощность ЛОН, Вт180', 'Цветовая темп., К4000', 'Световой поток, лм (для лент Лм/м)1250', 'Срок службы, ч20000', 'Масса, кг0,431', 'Тип крепления плафона, На арматуру / На лампуНа арматуру', 'Крепление, На планку / На крюк / ПружинноеПружинное', 'Монтаж, Врезной / НакладнойВрезной', 'Диаметр, мм200', 'Высота, мм7', 'Диаметр основания (отверстия встройки), мм165', 'Глубина (высота) основания (отверстия встройки), мм22', 'Цвет арматурыБелый', 'Цвет плафона (Декора)Белый / Прозрачный', 'Материал арматурыМеталл', 'Материал плафона (Декора)Металл / Стекло', 'Напряжение питания ламп, В220'];https://lightstar.ru/kupit-lustry-svetilniki-optom/vstraivaemye-tochechnye-svetilniki-pod-lampy/212032;https://dl.lstar.lt/for_site/Lightstar/Tochka_lampy/Acri/212012_32.png
['Главная', 'Светотехника', 'Лампы светодиодные', 'Светодиодный модуль  940292'];['Пылевлагозащита, IPIP20', 'Высота, мм62', 'Диаметр, мм50', 'Масса, кг0,128', 'Мощность лампы (Max), Вт10', 'Количество в упаковке100', 'Артикул940292', 'Зона размещенияЖилая / Общественная', 'Пылевлагозащита, IPIP20', 'Суммарная мощность ЛОН, Вт100', 'Цветовая темп., К3000', 'Световой поток, лм (для лент Лм/м)610', 'Угол рассеивания рефлектора, °45', 'Срок службы, ч20000', 'Масса, кг0,128', 'Диаметр, мм50', 'Высота, мм62', 'Мощность лампы (Max), Вт10', 'Напряжение питания ламп, В220', 'Тип лампыLED'];https://lightstar.ru/kupit-lustry-svetilniki-optom/lampy-svetodiodnye/940292;https://dl.lstar.lt/for_site/Lightstar/Tochka_lampy/LED_bulbs/94029x.png
['Главная', 'Светотехника', 'Встраиваемые светильники', 'Светильник точечный встраиваемый декоративный со встроенными светодиодами Acri 212020'];['КоллекцияAcri', 'СтильХай-тек', 'Пылевлагозащита, IPIP44', 'Высота, мм10', 'Масса, кг0,227', 'Цвет арматурыБелый', 'Цвет плафона (Декора)Белый / Прозрачный', 'Количество в упаковке40', 'Артикул212020', 'КоллекцияAcri', 'СтильХай-тек', 'Зона размещенияЖилая / Общественная', 'Встроенные светодиоды, Да/НетДа', 'Количество плафонов (декор элем встройки), шт (если 0 - нет)1', 'Коэфф пропускания плафоном света, 0-10,85', 'Пылевлагозащита, IPIP44', 'Суммарная мощность LED, Вт6', 'Суммарная мощность ЛОН, Вт60', 'Цветовая темп., К3000', 'Световой поток, лм (для лент Лм/м)480', 'Срок службы, ч20000', 'Масса, кг0,227', 'Тип крепления плафона, На арматуру / На лампуНа арматуру', 'Крепление, На планку / На крюк / ПружинноеПружинное', 'Монтаж, Врезной / НакладнойВрезной', 'Длина (Глубина), мм100', 'Высота, мм10', 'Ширина, мм100', 'Длина основания (отверстия встройки), мм79', 'Глубина (высота) основания (отверстия встройки), мм40', 'Ширина основания (отверстия встройки), мм79', 'Цвет арматурыБелый', 'Цвет плафона (Декора)Белый / Прозрачный', 'Материал арматурыМеталл', 'Материал плафона (Декора)Металл / Стекло', 'Напряжение питания ламп, В220'];https://lightstar.ru/kupit-lustry-svetilniki-optom/vstraivaemye-tochechnye-svetilniki-pod-lampy/212020;https://dl.lstar.lt/for_site/Lightstar/Tochka_lampy/Acri/21202X/212020.png
['Главная', 'Светотехника', 'Встраиваемые светильники', 'Светильник точечный встраиваемый декоративный со встроенными светодиодами Acri 212010'];['КоллекцияAcri', 'СтильХай-тек', 'Пылевлагозащита, IPIP44', 'Высота, мм10', 'Диаметр, мм100', 'Масса, кг0,18', 'Цвет арматурыБелый', 'Цвет плафона (Декора)Белый / Прозрачный', 'Количество в упаковке40', 'Артикул212010', 'КоллекцияAcri', 'СтильХай-тек', 'Зона размещенияЖилая / Общественная', 'Встроенные светодиоды, Да/НетДа', 'Количество плафонов (декор элем встройки), шт (если 0 - нет)1', 'Коэфф пропускания плафоном света, 0-10,85', 'Пылевлагозащита, IPIP44', 'Суммарная мощность LED, Вт6', 'Суммарная мощность ЛОН, Вт60', 'Цветовая темп., К3000', 'Световой поток, лм (для лент Лм/м)480', 'Срок службы, ч20000', 'Масса, кг0,18', 'Тип крепления плафона, На арматуру / На лампуНа арматуру', 'Крепление, На планку / На крюк / ПружинноеПружинное', 'Монтаж, Врезной / НакладнойВрезной', 'Диаметр, мм100', 'Высота, мм10', 'Диаметр основания (отверстия встройки), мм80', 'Глубина (высота) основания (отверстия встройки), мм22', 'Цвет арматурыБелый', 'Цвет плафона (Декора)Белый / Прозрачный', 'Материал арматурыМеталл', 'Материал плафона (Декора)Металл / Стекло', 'Напряжение питания ламп, В220'];https://lightstar.ru/kupit-lustry-svetilniki-optom/vstraivaemye-tochechnye-svetilniki-pod-lampy/212010;https://dl.lstar.lt/for_site/Lightstar/Tochka_lampy/Acri/21201X/212010.png
['Главная', 'Светотехника', 'Люстры', 'Подвес Acrobata 761073'];['КоллекцияAcrobata', 'СтильЛофт', 'Пылевлагозащита, IPIP20', 'Высота, мм150', 'Диаметр, мм145', 'Масса, кг5,6', 'Количество ламп, шт7', 'Цвет арматурыРозовое золото', 'Цвет плафона (Декора)Розовое золото', 'Мощность лампы (Max), Вт40', 'Цоколь лампE14', 'Артикул761073', 'КоллекцияAcrobata', 'СтильЛофт', 'Зона размещенияЖилая / Общественная', 'Тип люстрыПодвесная', 'Количество плафонов (декор элем встройки), шт (если 0 - нет)7', 'Количество рожков, шт (если 0 - нет)7', 'Коэфф пропускания плафоном света, 0-10,5', 'Пылевлагозащита, IPIP20', 'Направление рожков, Вверх/ВнизВниз', 'Суммарная мощность LED, Вт42', 'Суммарная мощность ЛОН, Вт280', 'Масса, кг5,6', 'Тип крепления плафона, На арматуру / На лампуНа арматуру', 'Крепление, На планку / На крюк / ПружинноеНа планку', 'Монтаж, Врезной / НакладнойНакладной', 'Диаметр, мм145', 'Высота, мм150', 'Высота min, мм250', 'Высота max, мм1950', 'Диаметр основания (отверстия встройки), мм150', 'Глубина (высота) основания (отверстия встройки), мм25', 'Цвет арматурыРозовое золото', 'Цвет плафона (Декора)Розовое золото', 'Цвет рожковРозовое золото', 'Материал арматурыМеталл', 'Материал плафона (Декора)Металл', 'Материал рожковМеталл', 'Количество ламп, шт7', 'Цоколь лампE14', 'Мощность лампы (Max), Вт40', 'Напряжение питания ламп, В220', 'Тип лампыГЛН / КЛЛ / LED', 'Типоразмер лампыC / P / T'];https://lightstar.ru/kupit-lustry-svetilniki-optom/kupit-lustru-optom/761073;https://dl.lstar.lt/for_site/Lightstar/Bolshoy_katalog/Acrobata/76107X/761073.png
['Главная', 'Светотехника', 'Люстры', 'Подвес Acrobata 761078'];['КоллекцияAcrobata', 'СтильЛофт', 'Пылевлагозащита, IPIP20', 'Высота, мм150', 'Диаметр, мм145', 'Масса, кг5,6', 'Количество ламп, шт7', 'Цвет арматурыЛайм золото', 'Цвет плафона (Декора)Лайм золото', 'Мощность лампы (Max), Вт40', 'Цоколь лампE14', 'Артикул761078', 'КоллекцияAcrobata', 'СтильЛофт', 'Зона размещенияЖилая / Общественная', 'Тип люстрыПодвесная', 'Количество плафонов (декор элем встройки), шт (если 0 - нет)7', 'Количество рожков, шт (если 0 - нет)7', 'Коэфф пропускания плафоном света, 0-10,5', 'Пылевлагозащита, IPIP20', 'Направление рожков, Вверх/ВнизВниз', 'Суммарная мощность LED, Вт42', 'Суммарная мощность ЛОН, Вт280', 'Масса, кг5,6', 'Тип крепления плафона, На арматуру / На лампуНа арматуру', 'Крепление, На планку / На крюк / ПружинноеНа планку', 'Монтаж, Врезной / НакладнойНакладной', 'Диаметр, мм145', 'Высота, мм150', 'Высота min, мм250', 'Высота max, мм1950', 'Диаметр основания (отверстия встройки), мм150', 'Глубина (высота) основания (отверстия встройки), мм25', 'Цвет арматурыЛайм золото', 'Цвет плафона (Декора)Лайм золото', 'Цвет рожковЛайм золото', 'Материал арматурыМеталл', 'Материал плафона (Декора)Металл', 'Материал рожковМеталл', 'Количество ламп, шт7', 'Цоколь лампE14', 'Мощность лампы (Max), Вт40', 'Напряжение питания ламп, В220', 'Тип лампыГЛН / КЛЛ / LED', 'Типоразмер лампыC / P / T'];https://lightstar.ru/kupit-lustry-svetilniki-optom/kupit-lustru-optom/761078;https://dl.lstar.lt/for_site/Lightstar/Bolshoy_katalog/Acrobata/76107X/761078.png
['Главная', 'Светотехника', 'Люстры', 'Подвес Acrobata 761053'];['КоллекцияAcrobata', 'СтильЛофт', 'Пылевлагозащита, IPIP20', 'Высота, мм150', 'Диаметр, мм145', 'Масса, кг4', 'Количество ламп, шт5', 'Цвет арматурыРозовое золото', 'Цвет плафона (Декора)Розовое золото', 'Мощность лампы (Max), Вт40', 'Цоколь лампE14', 'Артикул761053', 'КоллекцияAcrobata', 'СтильЛофт', 'Зона размещенияЖилая / Общественная', 'Тип люстрыПодвесная', 'Количество плафонов (декор элем встройки), шт (если 0 - нет)5', 'Количество рожков, шт (если 0 - нет)5', 'Коэфф пропускания плафоном света, 0-10,5', 'Пылевлагозащита, IPIP20', 'Направление рожков, Вверх/ВнизВниз', 'Суммарная мощность LED, Вт30', 'Суммарная мощность ЛОН, Вт200', 'Масса, кг4', 'Тип крепления плафона, На арматуру / На лампуНа арматуру', 'Крепление, На планку / На крюк / ПружинноеНа планку', 'Монтаж, Врезной / НакладнойНакладной', 'Диаметр, мм145', 'Высота, мм150', 'Высота min, мм250', 'Высота max, мм1950', 'Диаметр основания (отверстия встройки), мм150', 'Глубина (высота) основания (отверстия встройки), мм25', 'Цвет арматурыРозовое золото', 'Цвет плафона (Декора)Розовое золото', 'Цвет рожковРозовое золото', 'Материал арматурыМеталл', 'Материал плафона (Декора)Металл', 'Материал рожковМеталл', 'Количество ламп, шт5', 'Цоколь лампE14', 'Мощность лампы (Max), Вт40', 'Напряжение питания ламп, В220', 'Тип лампыГЛН / КЛЛ / LED', 'Типоразмер лампыC / P / T'];https://lightstar.ru/kupit-lustry-svetilniki-optom/kupit-lustru-optom/761053;https://dl.lstar.lt/for_site/Lightstar/Bolshoy_katalog/Acrobata/76105X/761053.png
['Главная', 'Светотехника', 'Люстры', 'Подвес Acrobata 761076'];['КоллекцияAcrobata', 'СтильЛофт', 'Пылевлагозащита, IPIP20', 'Высота, мм150', 'Диаметр, мм145', 'Масса, кг5,6', 'Количество ламп, шт7', 'Цвет арматурыБелый', 'Цвет плафона (Декора)Белый', 'Мощность лампы (Max), Вт40', 'Цоколь лампE14', 'Артикул761076', 'КоллекцияAcrobata', 'СтильЛофт', 'Зона размещенияЖилая / Общественная', 'Тип люстрыПодвесная', 'Количество плафонов (декор элем встройки), шт (если 0 - нет)7', 'Количество рожков, шт (если 0 - нет)7', 'Коэфф пропускания плафоном света, 0-10,5', 'Пылевлагозащита, IPIP20', 'Направление рожков, Вверх/ВнизВниз', 'Суммарная мощность LED, Вт42', 'Суммарная мощность ЛОН, Вт280', 'Масса, кг5,6', 'Тип крепления плафона, На арматуру / На лампуНа арматуру', 'Крепление, На планку / На крюк / ПружинноеНа планку', 'Монтаж, Врезной / НакладнойНакладной', 'Диаметр, мм145', 'Высота, мм150', 'Высота min, мм250', 'Высота max, мм1950', 'Диаметр основания (отверстия встройки), мм150', 'Глубина (высота) основания (отверстия встройки), мм25', 'Цвет арматурыБелый', 'Цвет плафона (Декора)Белый', 'Цвет рожковБелый', 'Материал арматурыМеталл', 'Материал плафона (Декора)Металл', 'Материал рожковМеталл', 'Количество ламп, шт7', 'Цоколь лампE14', 'Мощность лампы (Max), Вт40', 'Напряжение питания ламп, В220', 'Тип лампыГЛН / КЛЛ / LED', 'Типоразмер лампыC / P / T'];https://lightstar.ru/kupit-lustry-svetilniki-optom/kupit-lustru-optom/761076;https://dl.lstar.lt/for_site/Lightstar/Bolshoy_katalog/Acrobata/76107X/761076.png
['Главная', 'Светотехника', 'Встраиваемые светильники', 'Светильник точечный встраиваемый декоративный со встроенными светодиодами Acri 212011'];['КоллекцияAcri', 'СтильХай-тек', 'Пылевлагозащита, IPIP44', 'Высота, мм7', 'Диаметр, мм160', 'Масса, кг0,292', 'Цвет арматурыБелый', 'Цвет плафона (Декора)Белый / Прозрачный', 'Количество в упаковке40', 'Артикул212011', 'КоллекцияAcri', 'СтильХай-тек', 'Зона размещенияЖилая / Общественная', 'Встроенные светодиоды, Да/НетДа', 'Количество плафонов (декор элем встройки), шт (если 0 - нет)1', 'Коэфф пропускания плафоном света, 0-10,85', 'Пылевлагозащита, IPIP44', 'Суммарная мощность LED, Вт12', 'Суммарная мощность ЛОН, Вт120', 'Цветовая темп., К3000', 'Световой поток, лм (для лент Лм/м)780', 'Срок службы, ч20000', 'Масса, кг0,292', 'Тип крепления плафона, На арматуру / На лампуНа арматуру', 'Крепление, На планку / На крюк / ПружинноеПружинное', 'Монтаж, Врезной / НакладнойВрезной', 'Диаметр, мм160', 'Высота, мм7', 'Диаметр основания (отверстия встройки), мм120', 'Глубина (высота) основания (отверстия встройки), мм22', 'Цвет арматурыБелый', 'Цвет плафона (Декора)Белый / Прозрачный', 'Материал арматурыМеталл', 'Материал плафона (Декора)Металл / Стекло', 'Напряжение питания ламп, В220'];https://lightstar.ru/kupit-lustry-svetilniki-optom/vstraivaemye-tochechnye-svetilniki-pod-lampy/212011;https://dl.lstar.lt/for_site/Lightstar/Tochka_lampy/Acri/212011_31.png
['Главная', 'Светотехника', 'Встраиваемые светильники', 'Светильник точечный встраиваемый декоративный со встроенными светодиодами Acri 212012'];['КоллекцияAcri', 'СтильХай-тек', 'Пылевлагозащита, IPIP44', 'Высота, мм7', 'Диаметр, мм200', 'Масса, кг0,429', 'Цвет арматурыБелый', 'Цвет плафона (Декора)Белый / Прозрачный', 'Количество в упаковке20', 'Артикул212012', 'КоллекцияAcri', 'СтильХай-тек', 'Зона размещенияЖилая / Общественная', 'Встроенные светодиоды, Да/НетДа', 'Количество плафонов (декор элем встройки), шт (если 0 - нет)1', 'Коэфф пропускания плафоном света, 0-10,85', 'Пылевлагозащита, IPIP44', 'Суммарная мощность LED, Вт18', 'Суммарная мощность ЛОН, Вт180', 'Цветовая темп., К3000', 'Световой поток, лм (для лент Лм/м)1250', 'Срок службы, ч20000', 'Масса, кг0,429', 'Тип крепления плафона, На арматуру / На лампуНа арматуру', 'Крепление, На планку / На крюк / ПружинноеПружинное', 'Монтаж, Врезной / НакладнойВрезной', 'Диаметр, мм200', 'Высота, мм7', 'Диаметр основания (отверстия встройки), мм165', 'Глубина (высота) основания (отверстия встройки), мм22', 'Цвет арматурыБелый', 'Цвет плафона (Декора)Белый / Прозрачный', 'Материал арматурыМеталл', 'Материал плафона (Декора)Металл / Стекло', 'Напряжение питания ламп, В220'];https://lightstar.ru/kupit-lustry-svetilniki-optom/vstraivaemye-tochechnye-svetilniki-pod-lampy/212012;https://dl.lstar.lt/for_site/Lightstar/Tochka_lampy/Acri/212012_32.png
['Главная', 'Светотехника', 'Встраиваемые светильники', 'Светильник точечный встраиваемый декоративный со встроенными светодиодами Acri 212031'];['КоллекцияAcri', 'СтильХай-тек', 'Пылевлагозащита, IPIP44', 'Высота, мм7', 'Диаметр, мм160', 'Масса, кг0,3', 'Цвет арматурыБелый', 'Цвет плафона (Декора)Белый / Прозрачный', 'Количество в упаковке20', 'Артикул212031', 'КоллекцияAcri', 'СтильХай-тек', 'Зона размещенияЖилая / Общественная', 'Встроенные светодиоды, Да/НетДа', 'Количество плафонов (декор элем встройки), шт (если 0 - нет)1', 'Коэфф пропускания плафоном света, 0-10,85', 'Пылевлагозащита, IPIP44', 'Суммарная мощность LED, Вт12', 'Суммарная мощность ЛОН, Вт120', 'Цветовая темп., К4000', 'Световой поток, лм (для лент Лм/м)780', 'Срок службы, ч20000', 'Масса, кг0,3', 'Тип крепления плафона, На арматуру / На лампуНа арматуру', 'Крепление, На планку / На крюк / ПружинноеПружинное', 'Монтаж, Врезной / НакладнойВрезной', 'Диаметр, мм160', 'Высота, мм7', 'Диаметр основания (отверстия встройки), мм120', 'Глубина (высота) основания (отверстия встройки), мм22', 'Цвет арматурыБелый', 'Цвет плафона (Декора)Белый / Прозрачный', 'Материал арматурыМеталл', 'Материал плафона (Декора)Металл / Стекло', 'Напряжение питания ламп, В220'];https://lightstar.ru/kupit-lustry-svetilniki-optom/vstraivaemye-tochechnye-svetilniki-pod-lampy/212031;https://dl.lstar.lt/for_site/Lightstar/Tochka_lampy/Acri/212011_31.png
['Главная', 'Светотехника', 'Встраиваемые светильники', 'Светильник точечный встраиваемый декоративный со встроенными светодиодами Acri 212021'];['КоллекцияAcri', 'СтильХай-тек', 'Пылевлагозащита, IPIP44', 'Высота, мм7', 'Масса, кг0,376', 'Цвет арматурыБелый', 'Цвет плафона (Декора)Белый / Прозрачный', 'Количество в упаковке20', 'Артикул212021', 'КоллекцияAcri', 'СтильХай-тек', 'Зона размещенияЖилая / Общественная', 'Встроенные светодиоды, Да/НетДа', 'Количество плафонов (декор элем встройки), шт (если 0 - нет)1', 'Коэфф пропускания плафоном света, 0-10,85', 'Пылевлагозащита, IPIP44', 'Суммарная мощность LED, Вт12', 'Суммарная мощность ЛОН, Вт120', 'Цветовая темп., К3000', 'Световой поток, лм (для лент Лм/м)780', 'Срок службы, ч20000', 'Масса, кг0,376', 'Тип крепления плафона, На арматуру / На лампуНа арматуру', 'Крепление, На планку / На крюк / ПружинноеПружинное', 'Монтаж, Врезной / НакладнойВрезной', 'Длина (Глубина), мм160', 'Высота, мм7', 'Ширина, мм160', 'Длина основания (отверстия встройки), мм120', 'Глубина (высота) основания (отверстия встройки), мм22', 'Ширина основания (отверстия встройки), мм120', 'Цвет арматурыБелый', 'Цвет плафона (Декора)Белый / Прозрачный', 'Материал арматурыМеталл', 'Материал плафона (Декора)Металл / Стекло', 'Напряжение питания ламп, В220'];https://lightstar.ru/kupit-lustry-svetilniki-optom/vstraivaemye-tochechnye-svetilniki-pod-lampy/212021;https://dl.lstar.lt/for_site/Lightstar/Tochka_lampy/Acri/212021_41.png
['Главная', 'Светотехника', 'Встраиваемые светильники', 'Светильник точечный встраиваемый декоративный со встроенными светодиодами Acri 212042'];['КоллекцияAcri', 'СтильХай-тек', 'Пылевлагозащита, IPIP44', 'Высота, мм7', 'Масса, кг0,6', 'Цвет арматурыБелый', 'Цвет плафона (Декора)Белый / Прозрачный', 'Количество в упаковке20', 'Артикул212042', 'КоллекцияAcri', 'СтильХай-тек', 'Зона размещенияЖилая / Общественная', 'Встроенные светодиоды, Да/НетДа', 'Количество плафонов (декор элем встройки), шт (если 0 - нет)1', 'Коэфф пропускания плафоном света, 0-10,85', 'Пылевлагозащита, IPIP44', 'Суммарная мощность LED, Вт18', 'Суммарная мощность ЛОН, Вт180', 'Цветовая темп., К4000', 'Световой поток, лм (для лент Лм/м)1250', 'Срок службы, ч20000', 'Масса, кг0,6', 'Тип крепления плафона, На арматуру / На лампуНа арматуру', 'Крепление, На планку / На крюк / ПружинноеПружинное', 'Монтаж, Врезной / НакладнойВрезной', 'Длина (Глубина), мм200', 'Высота, мм7', 'Ширина, мм200', 'Длина основания (отверстия встройки), мм165', 'Глубина (высота) основания (отверстия встройки), мм22', 'Ширина основания (отверстия встройки), мм165', 'Цвет арматурыБелый', 'Цвет плафона (Декора)Белый / Прозрачный', 'Материал арматурыМеталл', 'Материал плафона (Декора)Металл / Стекло', 'Напряжение питания ламп, В220'];https://lightstar.ru/kupit-lustry-svetilniki-optom/vstraivaemye-tochechnye-svetilniki-pod-lampy/212042;https://dl.lstar.lt/for_site/Lightstar/Tochka_lampy/Acri/212022_42.png
['Главная', 'Светотехника', 'Люстры', 'Подвес Acrobata 761160'];['КоллекцияAcrobata', 'СтильЛофт', 'Пылевлагозащита, IPIP20', 'Высота, мм195', 'Диаметр, мм770', 'Масса, кг3,85', 'Количество ламп, шт6', 'Цвет арматурыЧерный', 'Цвет плафона (Декора)Матовый Белый', 'Мощность лампы (Max), Вт40', 'Цоколь лампE14', 'Артикул761160', 'КоллекцияAcrobata', 'СтильЛофт', 'Зона размещенияЖилая / Общественная', 'Тип люстрыПодвесная', 'Количество плафонов (декор элем встройки), шт (если 0 - нет)6', 'Пылевлагозащита, IPIP20', 'Суммарная мощность LED, Вт36', 'Суммарная мощность ЛОН, Вт240', 'Масса, кг3,85', 'Тип крепления плафона, На арматуру / На лампуНа арматуру', 'Крепление, На планку / На крюк / ПружинноеНа планку', 'Монтаж, Врезной / НакладнойНакладной', 'Диаметр, мм770', 'Высота, мм195', 'Высота min, мм300', 'Высота max, мм1600', 'Диаметр основания (отверстия встройки), мм150', 'Глубина (высота) основания (отверстия встройки), мм25', 'Цвет арматурыЧерный', 'Цвет плафона (Декора)Матовый Белый', 'Материал арматурыМеталл', 'Материал плафона (Декора)Стекло', 'Количество ламп, шт6', 'Цоколь лампE14', 'Мощность лампы (Max), Вт40', 'Напряжение питания ламп, В220', 'Тип лампыГЛН / КЛЛ / LED', 'Типоразмер лампыC / P / T'];https://lightstar.ru/kupit-lustry-svetilniki-optom/kupit-lustru-optom/761160;https://dl.lstar.lt/for_site/Lightstar/Bolshoy_katalog/Acrobata/76116X/761160.png
['Главная', 'Светотехника', 'Люстры', 'Люстра потолочная Acrobata 761067'];['КоллекцияAcrobata', 'СтильЛофт', 'Пылевлагозащита, IPIP20', 'Высота, мм330', 'Диаметр, мм750', 'Масса, кг3,2', 'Количество ламп, шт6', 'Цвет арматурыЧерный', 'Цвет плафона (Декора)Черный', 'Мощность лампы (Max), Вт40', 'Цоколь лампE14', 'Артикул761067', 'КоллекцияAcrobata', 'СтильЛофт', 'Зона размещенияЖилая / Общественная', 'Тип люстрыПодвесная', 'Количество плафонов (декор элем встройки), шт (если 0 - нет)6', 'Пылевлагозащита, IPIP20', 'Суммарная мощность LED, Вт36', 'Суммарная мощность ЛОН, Вт240', 'Масса, кг3,2', 'Тип крепления плафона, На арматуру / На лампуНа арматуру', 'Крепление, На планку / На крюк / ПружинноеНа планку', 'Монтаж, Врезной / НакладнойНакладной', 'Диаметр, мм750', 'Высота, мм330', 'Диаметр основания (отверстия встройки), мм180', 'Глубина (высота) основания (отверстия встройки), мм25', 'Цвет арматурыЧерный', 'Цвет плафона (Декора)Черный', 'Материал арматурыМеталл', 'Материал плафона (Декора)Металл', 'Количество ламп, шт6', 'Цоколь лампE14', 'Мощность лампы (Max), Вт40', 'Напряжение питания ламп, В220', 'Тип лампыГЛН / КЛЛ / LED', 'Типоразмер лампыC / CA / P / T'];https://lightstar.ru/kupit-lustry-svetilniki-optom/kupit-lustru-optom/761067;https://dl.lstar.lt/for_site/Lightstar/Bolshoy_katalog/Acrobata/76106X/761067.png
['Главная', 'Светотехника', 'Люстры', 'Люстра потолочная Acrobata 761060'];['КоллекцияAcrobata', 'СтильЛофт', 'Пылевлагозащита, IPIP20', 'Высота, мм330', 'Диаметр, мм750', 'Масса, кг3,2', 'Количество ламп, шт6', 'Цвет арматурыЧерный', 'Цвет плафона (Декора)Матовый Белый', 'Мощность лампы (Max), Вт40', 'Цоколь лампE14', 'Артикул761060', 'КоллекцияAcrobata', 'СтильЛофт', 'Зона размещенияЖилая / Общественная', 'Тип люстрыПодвесная', 'Количество плафонов (декор элем встройки), шт (если 0 - нет)6', 'Пылевлагозащита, IPIP20', 'Суммарная мощность LED, Вт36', 'Суммарная мощность ЛОН, Вт240', 'Масса, кг3,2', 'Тип крепления плафона, На арматуру / На лампуНа арматуру', 'Крепление, На планку / На крюк / ПружинноеНа планку', 'Монтаж, Врезной / НакладнойНакладной', 'Диаметр, мм750', 'Высота, мм330', 'Диаметр основания (отверстия встройки), мм180', 'Глубина (высота) основания (отверстия встройки), мм25', 'Цвет арматурыЧерный', 'Цвет плафона (Декора)Матовый Белый', 'Материал арматурыМеталл', 'Материал плафона (Декора)Стекло', 'Количество ламп, шт6', 'Цоколь лампE14', 'Мощность лампы (Max), Вт40', 'Напряжение питания ламп, В220', 'Тип лампыГЛН / КЛЛ / LED', 'Типоразмер лампыC / CA / P / T'];https://lightstar.ru/kupit-lustry-svetilniki-optom/kupit-lustru-optom/761060;https://dl.lstar.lt/for_site/Lightstar/Bolshoy_katalog/Acrobata/76106X/761060.png
['Главная', 'Светотехника', 'Встраиваемые светильники', 'Светильник точечный встраиваемый декоративный со встроенными светодиодами Acri 212030'];['КоллекцияAcri', 'СтильХай-тек', 'Пылевлагозащита, IPIP44', 'Высота, мм10', 'Диаметр, мм100', 'Масса, кг0,137', 'Цвет арматурыБелый', 'Цвет плафона (Декора)Белый / Прозрачный', 'Количество в упаковке40', 'Артикул212030', 'КоллекцияAcri', 'СтильХай-тек', 'Зона размещенияЖилая / Общественная', 'Встроенные светодиоды, Да/НетДа', 'Количество плафонов (декор элем встройки), шт (если 0 - нет)1', 'Коэфф пропускания плафоном света, 0-10,85', 'Пылевлагозащита, IPIP44', 'Суммарная мощность LED, Вт6', 'Суммарная мощность ЛОН, Вт60', 'Цветовая темп., К4000', 'Световой поток, лм (для лент Лм/м)480', 'Срок службы, ч20000', 'Масса, кг0,137', 'Тип крепления плафона, На арматуру / На лампуНа арматуру', 'Крепление, На планку / На крюк / ПружинноеПружинное', 'Монтаж, Врезной / НакладнойВрезной', 'Диаметр, мм100', 'Высота, мм10', 'Диаметр основания (отверстия встройки), мм80', 'Глубина (высота) основания (отверстия встройки), мм22', 'Цвет арматурыБелый', 'Цвет плафона (Декора)Белый / Прозрачный', 'Материал арматурыМеталл', 'Материал плафона (Декора)Металл / Стекло', 'Напряжение питания ламп, В220'];https://lightstar.ru/kupit-lustry-svetilniki-optom/vstraivaemye-tochechnye-svetilniki-pod-lampy/212030;https://dl.lstar.lt/for_site/Lightstar/Tochka_lampy/Acri/21203X/212030.png
