#cryptotales packs by Yonat Vaks;0x7018e01bba60ee9dba8c8c189cdb53f9238edf20;It's a Universal Right 1 #3/15;3600180003;27280
IKON Pack by Monstercat;0xa1d7badfea306b624d70d36998dc94f0b1121713;Tenacity #142/150;8000060142;59414
Fabricated Fairytales Open Editions by FEWOCiOUS x parrott_ism x Odious x Jonathan Wolfe;0x068f74749c24a42058563035f8c786362fc96494;Victor and Victoria by FEWOCiOUS #169/793;12900040169;11205
CRYPTONI by Antoni Tudisco;0x71418ed574229f7fd8c0312a58737732cfca2cb0;DIP #15/24;49900030015;20613
The White Stripes x The Glitch Mob x Strangeloop Studios - Seven Nation Army Remix Collection;0xce5e90533d9dbc30eac8a3610a681fc7aaa23193;Seven Nation Army Remix 004 #319/333;43100040319;299185
The Virals & The Lottery by Alex Solis;0xc20b249a2f7f36554097774031be55b2f5f3a58d;GOLD POOHPOOH #8/10;37900030008;4835
Slickmau5 Open Editions by deadmau5 x OG Slick;0x8052cf13297be29d231467936b6d38b2e48a130f;Happy Edition #116/236;13800010116;247637
SHADYCON: Open Editions by Eminem;0x525ce0d953e9e29b9af0bb1c1a47ca100a387d93;SLIM SHADY #329/940;26200030329;205034
IRIDESCENT Open Edition by SSX3LAU;0xc92ca2b5b8a996ad2a6fdd97c6d7ed038e61c725;FLUX #96/126;14500030096;36915
Cris Cyborg Collectibles;0xc0d60341cb0ba6ac6ddcd2858e9f3d5c8fe6c45e;Cyborg Victorious #8/10;300020008;3574
FROM PALETTE TO CANVAS A TREVOR JONES RETROSPECTIVE (Open Edition);0xe9be55ffedb6c2a2f3f8eac31c60d7f122f79958;The Bitcoin Angel (Open Edition) #2162/4157;11400012162;46146
Ritual Gift by John Guydo;0xa9d57298ef07e99522e6fd273220acc24654e4dc;Ritual Two - Isolated Reversal #166/203;31500020166;16335
HARD TO EXPLAIN Open Editions by Young & Sick;0xef2883efa7bf4ecf169f3ad6c012994078608985;SATOSHI #48/358;15200040048;44397
Major Arcana Tarot Deck (Part 2) by Twisted Vacancy;0xbfb69918f12eed843c67058b2ee9059f1440133e;Judgement #46/60;2200110046;9905
Decipher by Justin Roiland;0xe628ef7988227e58ff93d9898706aa106aa5608c;Dance or Die #1050/1111;31600061050;56640
FADO by Gabriel Gimenez;0x9922da2fb5b729371bacd6ccec80597128545393;Round 5 #4/20;21900050004;7657
THE SECOND STORM Open by Justin Maller;0x8863fbcb4b86d0b4813ca52a30b3f5f6b81dacf7;VIOLENCE #65/269;10200030065;30390
Les Pays Bass by Bassjackers;0xf269245632dc990ccbb321f3fbb8f2e45fc5c292;Representing The Flag - Blue #35/100;30300040035;110261
Planet Paris Open Edition, the first ever collaboration between Blake Kathryn & Paris Hilton!;0x5bcac8ff7ea6285b940b7eca06731402562084b1;BEDROOM BLISS #168/170;23900010168;656159
Growing Up...I'm Scared by FEWOCiOUS;0x22a7ac591ec9414e0547319d2fb9831b4aed6338;Afraid to Be Myself #3/5;18000020003;8058
Space Yacht Iconography Collection Vol. 2 Open Editions by Space Yacht;0xfa037f7fdfd56560623b16c5c9fcc2cced2d886e;Flying Through Space #8/69;13400040008;8884
Open Edition by Slimesunday;0xb9abb6e7fdc06fe25ac96d3da1c3ef4651ec660a;The Last Stand of the Nation State #329/415;500010329;289861
Purple Queens Collection Open Edition by Gramatik;0x573b88ebbf597d51ed19476b7e8ddc1fcd6c9de3;Future Crypto #128/341;10800030128;14946
Extinction Open Edition by WhIsBe;0xcd136e30b316837c190241e838639c619516fdf9;Karma Chameleon #952/1239;15500010952;367894
Extinction Open Edition by WhIsBe;0xcd136e30b316837c190241e838639c619516fdf9;Karma Chameleon #762/1239;15500010762;36467
Metaphyla 2 Packs By Metageist;0x780663fd373e961271ef6e8423e58803786ebe55;Grid Weaver #17/35;4400060017;566355
Acephalous Open Editions by The Weeknd x Strangeloop Studios;0x0c7d5d65024bf684bcd313e885a00b2057ba7918;Artifact 001 #1195/1749;20600011195;12876
SUPER SATOSHI Open Editions by Lucho Poletti;0xe8cbf740c00f0d4557a5d78729ca9164ec96845f;SUPER SATOSHI 10 IT’S SUPER SATOSHI! #273/293;17500100273;26415
Back to the Future x Nike Mag by Tom Yoo;0x76f71dcfd0bd0dbeb0ffc7decd0b327cb7dfdc84;Plastic Mag (Hoverboard) #86/125;3500070086;34599
FROM PALETTE TO CANVAS A TREVOR JONES RETROSPECTIVE (Open Edition);0xe9be55ffedb6c2a2f3f8eac31c60d7f122f79958;The Bitcoin Angel (Open Edition) #1175/4157;11400011175;286793
INSANE CRITTERS Open Edition by Zach Hadel and Michael Cusack;0x6af8859dde92b36766b6abdb74a68813f0dc8ce9;Liplet #240/269;11300030240;14621
Structures Open Edition by Bees and Bombs;0x9a59199b81ebaf62baa9a96c8f33814fe0884477;Structures: coil #38/63;7000010038;4957
H/ID/DEN Drawing by Hackatao + Skygolpe;0xccd57c752f400941c5661fed7ecdc155e789e3b2;In//Un #17/23;49400010017;505424
Janky Ass Crypto Collection by Superplastic x Janky x Guggimon;0xeb005502f6b731a5a9a5e8317dedae16a31c1456;WELL, THAT WAS FUCKING WEIRD GOLD EDITION #8/37;6000100008;359534
lofi beats to contemplate annihilation by David OReilly x Flying Lotus;0x894c2a929ceb2c39b8c9f503d6d94c0d9df8ae72;MEDITATE #30/46;20100020030;17334
Rooms Open Edition by Baeige;0x1a9efe6d9a7a977a938f03b1a549bdd9cd316432;Lavish #379/701;11000010379;27281
Thank You Miami Open Edition by ThankYouX + JN Silva;0xea70a9e62057dd7629e7c9ca7500290544d13e56;TheGreatEscape #289/304;14200010289;27259
My Journey Open Edition By toomuchlag;0x41113bce4659cb4912ed61d48154839f75131d7a;Le Anime #239/1573;12800010239;256378
THE SECOND STORM Open by Justin Maller;0x8863fbcb4b86d0b4813ca52a30b3f5f6b81dacf7;VIOLENCE #10/269;10200030010;244
SUPER SATOSHI Open Editions by Lucho Poletti;0xe8cbf740c00f0d4557a5d78729ca9164ec96845f;SUPER SATOSHI 04 SENSING THE APPROACH OF DOOM #54/102;17500040054;334921
CLASSICS by Chad Knight;0xbdb5186e85c52a09570f998ca0298657862e5323;GUIDANCE #10/20;30000090010;311599
IKON Pack by Monstercat;0xa1d7badfea306b624d70d36998dc94f0b1121713;Tenacity #99/150;8000060099;667201
The White Stripes x The Glitch Mob x Strangeloop Studios - Seven Nation Army Remix Collection;0xce5e90533d9dbc30eac8a3610a681fc7aaa23193;Seven Nation Army Remix 002 #1/20;43100020001;334273
D*Face Gives You Wings 5 min open edition by D*Face;0x1e20e71821813c19aac785bd782fa16e4efba471;Silver Lining #9/75;16500020009;315163
Many Faces Open Editions by Disclosure & Friends;0x4ef001bdf967a34eb59a7b92e0a6171189d25edb;Metal Face - Bronze #238/453;25400030238;30519
